emetteur,fiscal_year,report_year,publication_date,status,status_reason,diagnostic,core_metrics_count,report_title,report_url,resultat_operationnel,resultat_net,chiffre_affaires,capitaux_propres,total_actif,dettes_totales,actifs_courants,passifs_courants,marge_operationnelle,marge_nette,roe,roa,ratio_endettement,autonomie_financiere,ratio_liquidite_generale,company_url,truth_status,truth_reason
BANK OF AFRICA BF,2020,2021.0,2021-03-11,ok,,,5,BANK OF AFRICA BURKINA FASO : Etats financiers exercice 2020,https://www.brvm.org/sites/default/files/20210311_-_etats_financiers_exercice_2020_-_boa_bf.pdf,,17608.0,,84435.0,867213104267.0,867213019832.0,25160448690.0,,,,0.2085391129271037,2.0304121228521935e-08,10270776.571706044,9.736361176341717e-08,,https://www.brvm.org/fr/rapports-societe-cotes/bank-africa-bf,verified_like,passes_rule_checks
BANK OF AFRICA BF,2021,2022.0,2022-03-14,ok,,,7,BOA BURKINA FASO : États financiers exercice 2021,https://www.brvm.org/sites/default/files/20220314_-_etats_financiers_exercice_2021_-_boa_bf.pdf,19852081801.0,21244692497.0,47367496842.0,39607918915.0,988180921512.0,948573002597.0,29273485678.0,,0.4191076819452591,0.4485078147123593,0.5363748734840592,0.0214987883640718,23.949074543216252,0.0400816470473813,,https://www.brvm.org/fr/rapports-societe-cotes/bank-africa-bf,verified_like,passes_rule_checks
BANK OF AFRICA BF,2022,2023.0,2023-02-23,ok,,,7,BOA BURKINA FASO : Etats financiers exercice 2022,https://www.brvm.org/sites/default/files/20230223_-_etats_financiers_exercice_2022_-_boa_bf.pdf,0.0,25476935672.0,50828241839.0,43244692497.0,1073229476522.0,1029984784025.0,19025636976.0,,0.0,0.5012358238299678,0.5891343931689976,0.0237385724389184,23.817599907698565,0.0402939850637931,,https://www.brvm.org/fr/rapports-societe-cotes/bank-africa-bf,verified_like,passes_rule_checks
BANK OF AFRICA BF,2023,2024.0,2024-03-01,ok,,,7,BOA BURKINA FASO : Etats financiers certifiés - Exercice 2023,https://www.brvm.org/sites/default/files/20240301_-_etats_financiers_certifies_-_exercice_2023_-_boa_bf.pdf,29304006229.0,29062589535.0,56645788278.0,47476935672.0,1163299866414.0,1115822930742.0,60859489249.0,,0.5173201242285659,0.5130582593779047,0.6121412244417441,0.0249828873655669,23.50242101661308,0.0408122935820089,,https://www.brvm.org/fr/rapports-societe-cotes/bank-africa-bf,verified_like,passes_rule_checks
BANK OF AFRICA BF,2024,2025.0,2025-04-16,ok,,,7,BOA BURKINA FASO : Etats financiers certifiés par les Commissaires Aux Comptes - Exercice 2024,https://www.brvm.org/sites/default/files/20250416_-_etats_financiers_certifies_par_les_commissaires_aux_comptes_-_exercice_2024_-_boa_bf.pdf,34234427341.0,22419223685.0,60576445149.0,51062589535.0,1098275937341.0,1047213347806.0,14638108510.0,,0.5651442116947192,0.3700980410761211,0.4390537943562991,0.0204131065088054,20.508426175452875,0.0464934064372073,,https://www.brvm.org/fr/rapports-societe-cotes/bank-africa-bf,verified_like,passes_rule_checks
BANK OF AFRICA BN,2022,,,ok,,,7,BOA BENIN : Etats financiers 2022,https://www.brvm.org/sites/default/files/boa_bn_bilan_hors_bilan_et_compte_de_resultat_2022.pdf,23196758789.0,19143162703.0,46412884468.0,97192147880.0,884426057334.0,787233909454.0,27541120277.0,,0.499791362999499,0.4124536305473217,0.1969620295523815,0.0216447294200092,8.099768619435926,0.1098929040749596,,https://www.brvm.org/fr/rapports-societe-cotes/bank-africa-bn,verified_like,passes_rule_checks
BANK OF AFRICA BN,2025,2026.0,2026-04-15,ok,,,7,BOA BN : Etats financiers - Exercice 2025,https://www.brvm.org/sites/default/files/20260415_-_etats_financiers_-_exercice_2025_-_boa_bn.pdf,21190621936.0,20107229743.0,51273938002.0,117506988771.0,964662725647.0,847155736876.0,12623737146.0,,0.4132825127489414,0.3921530221106811,0.1711151817717444,0.0208437925592222,7.209407250890875,0.1218114742561323,,https://www.brvm.org/fr/rapports-societe-cotes/bank-africa-bn,verified_like,passes_rule_checks
BANK OF AFRICA CI,2020,2021.0,2021-04-12,ok,,,7,BOA CÔTE D'IVOIRE : Etats Financiers - Exercice 2020,https://www.brvm.org/sites/default/files/20210412_-_etats_financiers_-_exercice_2020_-_boa_ci.pdf,14397.0,14382.0,35375.0,53113.0,608499.0,555386.0,16717.0,,0.406982332155477,0.4065583038869258,0.2707811646866115,0.0236352072887547,10.456686686875154,0.0872852708057038,,https://www.brvm.org/fr/rapports-societe-cotes/bank-africa-ci,verified_like,passes_rule_checks
BANK OF AFRICA CI,2023,2024.0,2024-03-14,ok,,,7,BOA CÔTE D'IVOIRE : Etats financiers - Exercice 2023,https://www.brvm.org/sites/default/files/20240314_-_etats_financiers_-_exercice_2023_-_boa_ci.pdf,21900.0,20069.0,47810.0,81726.0,843300.0,761574.0,48364.0,,0.4580631667015268,0.4197657393850659,0.2455644470547928,0.0237981738408632,9.318625651567432,0.0969121309142653,,https://www.brvm.org/fr/rapports-societe-cotes/bank-africa-ci,verified_like,passes_rule_checks
BANK OF AFRICA CI,2024,2025.0,2025-04-02,ok,,,7,BOA CÔTE D'IVOIRE :  Etats financiers - Exercice 2024,https://www.brvm.org/sites/default/files/20250402_-_etats_financiers_-_exercice_2024_-_boa_ci.pdf,31018.0,26075.0,60811.0,95800.0,938738.0,842938.0,37416.0,,0.5100721908865172,0.4287875548831625,0.2721816283924843,0.0277766533367137,8.79893528183716,0.1020519037260662,,https://www.brvm.org/fr/rapports-societe-cotes/bank-africa-ci,verified_like,passes_rule_checks
BANK OF AFRICA ML,2020,2021.0,2021-03-31,ok,,,7,BOA MALI : Etats financiers de l'exercice 2020,https://www.brvm.org/sites/default/files/20210331-_etats_financiers_2020_-boa_ml.pdf,-1963034937.0,528378608.0,32348310259.0,26839742203.0,579477949704.0,552638207501.0,20910556581.0,,-0.0606843115230057,0.0163340404419731,0.019686426345069,0.0009118183155543,20.590294918675824,0.0463171070041748,,https://www.brvm.org/fr/rapports-societe-cotes/bank-africa-ml,verified_like,passes_rule_checks
BANK OF AFRICA ML,2021,2022.0,2022-03-22,ok,,,7,BOA MALI : États financiers exercice 2021,https://www.brvm.org/sites/default/files/20220322_-_etats_financiers_exercice_2021_-_boa_ml.pdf,1986073855.0,2095292328.0,35407562442.0,32186115601.0,581464087673.0,547291834103.0,10134938935.0,,0.0560917984188638,0.0591764070580185,0.0650992606245067,0.0036034767622284,17.003972796456246,0.0553535743364784,,https://www.brvm.org/fr/rapports-societe-cotes/bank-africa-ml,verified_like,passes_rule_checks
BANK OF AFRICA ML,2025,2026.0,2026-03-24,ok,,,7,BOA ML : Etats financiers - Exercice 2025,https://www.brvm.org/sites/default/files/20260324_-_etats_financiers_-_exercice_2025_-_boa_ml.pdf,9414331581.0,11081189907.0,37996330474.0,49820422180.0,593455473338.0,543635051158.0,18779853606.0,,0.2477694941473889,0.291638423204646,0.2224226416019503,0.0186723189941644,10.911891697622703,0.0839497222930236,,https://www.brvm.org/fr/rapports-societe-cotes/bank-africa-ml,verified_like,passes_rule_checks
BANK OF AFRICA SN,2020,2021.0,2021-03-11,ok,,,7,BANK OF AFRICA SENEGAL : Etats financiers exercice 2020,https://www.brvm.org/sites/default/files/20210311_-_etats_financiers_exercice_2020_-_boa_sn.pdf,7632.0,7667.0,29997.0,46551.0,561588.0,515037.0,23543.0,,0.2544254425442544,0.2555922258892556,0.1647010805353268,0.0136523572441006,11.06392988335374,0.0828917284557362,,https://www.brvm.org/fr/rapports-societe-cotes/bank-africa-sn,verified_like,passes_rule_checks
BANK OF AFRICA SN,2021,2022.0,2022-03-30,ok,,,7,BOA SENEGAL : États financiers exercice 2021,https://www.brvm.org/sites/default/files/20220330_-_etats_financiers_exercice_2021_-_boa_sn.pdf,7632.0,7667.0,29997.0,46551.0,561588.0,515037.0,23543.0,,0.2544254425442544,0.2555922258892556,0.1647010805353268,0.0136523572441006,11.06392988335374,0.0828917284557362,,https://www.brvm.org/fr/rapports-societe-cotes/bank-africa-sn,verified_like,passes_rule_checks
BANK OF AFRICA SN,2022,2023.0,2023-03-10,ok,,,7,BANK OF AFRICA SENEGAL : Etats financiers certifiés exercice 2022,https://www.brvm.org/sites/default/files/20230310_-_etats_financiers_certifies_2022_-_boa_sn.pdf,10933.0,11070.0,35727.0,53327.0,626289.0,572962.0,33448.0,,0.3060150586391245,0.3098496935091107,0.2075871509741781,0.0176755459540244,10.744313387214731,0.0851475916070695,,https://www.brvm.org/fr/rapports-societe-cotes/bank-africa-sn,verified_like,passes_rule_checks
BANK OF AFRICA SN,2025,2026.0,2026-03-17,ok,,,6,BOA SN : Etats financiers - Exercice 2025,https://www.brvm.org/sites/default/files/20260317_-_etats_financiers_-_exercice_2025_-_boa_sn.pdf,24723.0,21905.0,,88621.0,783173.0,694552.0,35262.0,,,,0.2471761772040487,0.0279695546194774,7.837329752541723,0.1131563524278799,,https://www.brvm.org/fr/rapports-societe-cotes/bank-africa-sn,verified_like,passes_rule_checks
BERNABE CI,2021,2022.0,2022-05-03,ok,,,8,BERNABE CI : Etats financiers Exercice 2021,https://www.brvm.org/sites/default/files/20220503_-_etats_financiers_exercice_2021_-_bernabe_ci.pdf,2656681.0,1598214.0,44428368.0,8922.0,27842423.0,27833501.0,36253828.0,17355320.0,0.0597969522535691,0.0359728270910153,179.1318090114324,0.0574021161879481,3119.6481730553687,0.0003204462485179,2.0889172887621776,https://www.brvm.org/fr/rapports-societe-cotes/bernabe-ci,verified_like,passes_rule_checks
BERNABE CI,2024,2025.0,2025-04-30,ok,,,8,BERNABE CÔTE D'IVOIRE : Etats financiers - Exercice 2024,https://www.brvm.org/sites/default/files/20250430_-_etats_financiers_-_exercice_2024_-_bernabe_ci.pdf,1193257549.0,7313440.0,45312422329.0,2974139.0,15923363159.0,15920389020.0,41860285515.0,14288081045.0,0.026334004841677,0.0001614003318317,2.459010826326544,0.0004592899079781,5352.940471175019,0.0001867783187698,2.9297346076888804,https://www.brvm.org/fr/rapports-societe-cotes/bernabe-ci,verified_like,passes_rule_checks
BICI CI,2021,2022.0,2022-04-06,ok,,,7,BICICI : Etats financiers exercice 2021,https://www.brvm.org/sites/default/files/20220406_-_etats_financiers_exercice_2021_-_bicici.pdf,4664.0,4672.0,45315.0,62819.0,831386.0,768567.0,6990.0,,0.1029239766081871,0.1031005185920776,0.0743724032537926,0.0056195317217273,12.234626466514907,0.0755593671291073,,https://www.brvm.org/fr/rapports-societe-cotes/bici-ci,verified_like,passes_rule_checks
BICI CI,2022,,,ok,,,7,BICICI : Etats financiers Exercice 2022,https://www.brvm.org/sites/default/files/bilan_et_compte_de_resultat_bicici_31_12_2022_.pdf,11036.0,9603.0,44167.0,74313.0,926252.0,851939.0,6840.0,,0.2498698123033033,0.2174247741526479,0.129223688991159,0.0103675889498754,11.464198727006044,0.0802297862784641,,https://www.brvm.org/fr/rapports-societe-cotes/bici-ci,verified_like,passes_rule_checks
BICI CI,2023,2024.0,2024-05-02,ok,,,7,BICI CI : Etats financiers - Exercice 2023,https://www.brvm.org/sites/default/files/20240502_-_etats_financiers_-_exercice_2023_-_bici_ci.pdf,14004.0,12391.0,47275.0,83574.0,920563.0,836989.0,6872.0,,0.2962242199894236,0.2621047065044949,0.1482638141048651,0.0134602411784962,10.01494483930409,0.0907857474176129,,https://www.brvm.org/fr/rapports-societe-cotes/bici-ci,verified_like,passes_rule_checks
BICI CI,2024,2025.0,2025-03-28,ok,,,7,BICI CÔTE D'IVOIRE : Etats financiers - Exercice 2024,https://www.brvm.org/sites/default/files/20250328_-_etats_financiers_-_exercice_2024_-_bici_ci.pdf,15540.0,16694.0,55506.0,99783.0,1015578.0,915795.0,10163.0,,0.2799697330018376,0.3007602781681259,0.1673030476133209,0.016437929927588,9.177865969153062,0.0982524237429326,,https://www.brvm.org/fr/rapports-societe-cotes/bici-ci,verified_like,passes_rule_checks
BIIC,2024,2025.0,2025-06-26,ok,,,7,BANQUE INTERNATIONALE POUR L’INDUSTRIE ET LE COMMERCE DU BENIN: Etats financiers - Exercice 2024,https://www.brvm.org/sites/default/files/20250626_-_etats_financiers_-_exercice_2024_-_biic_bn.pdf,32660.0,30341.0,45207.0,95569.0,1520447.0,1424878.0,10398.0,,0.7224544871369478,0.6711571216846949,0.3174774246879218,0.0199553157722696,14.909416233297408,0.0628558575208474,,https://www.brvm.org/fr/rapports-societe-cotes/biic,verified_like,passes_rule_checks
CFAO MOTORS CI,2020,2021.0,2021-05-11,ok,,,8,CFAO MOTORS CÔTE D'IVOIRE : Etats Financiers - Exercice 2020,https://www.brvm.org/sites/default/files/20210511_-_etats_financiers_-_exercice_2020_-_cfao_motors_ci.pdf,5450011658.0,3779508079.0,99126215810.0,23392004981.0,51094286602.0,27702281621.0,29222096946.0,26913308158.0,0.0549805277389616,0.0381282393170779,0.1615726433911877,0.0739712466961434,1.1842628130209871,0.4578203657722536,1.0857861387550647,https://www.brvm.org/fr/rapports-societe-cotes/cfao-motors-ci,verified_like,passes_rule_checks
CFAO MOTORS CI,2021,2022.0,2022-04-27,ok,,,8,CFAO MOTORS CI : Etats financiers exercice 2021,https://www.brvm.org/sites/default/files/20220427_-_etats_financiers_exercice_2021_-_cfao_motors_ci.pdf,9408220777.0,6710916633.0,119731739139.0,25619459159.0,66380321677.0,40760862518.0,36993828838.0,39908063193.0,0.0785775003742134,0.056049604568168,0.2619460696399004,0.1010979830084983,1.5910118267926392,0.3859496084345858,0.9269763019842274,https://www.brvm.org/fr/rapports-societe-cotes/cfao-motors-ci,verified_like,passes_rule_checks
CFAO MOTORS CI,2022,,,ok,,,8,CFAO MOTORS CI : Etats financiers provisoire exercice 2022,https://www.brvm.org/sites/default/files/etats_financiers_provisoire_exercice_2022_-_cfao_motors_ci_.pdf,9880523627.0,5533563559.0,146375310833.0,17133122722.0,86527037180.0,69393914458.0,56348777526.0,68498898692.0,0.0675012990289921,0.0378039406202406,0.3229746059015009,0.0639518437166485,4.050278258317375,0.1980088915601998,0.8226231166046614,https://www.brvm.org/fr/rapports-societe-cotes/cfao-motors-ci,verified_like,passes_rule_checks
CFAO MOTORS CI,2024,2025.0,2025-05-16,ok,,,8,CFAO MOTORS CÔTE D'IVOIRE : Etats financiers - Exercice 2024,https://www.brvm.org/sites/default/files/20250516_-_etats_financiers_-_exercice_2024_-_cfao_motors_ci.pdf,7846693699.0,4693479450.0,158313246307.0,19452985667.0,80524552245.0,61071566578.0,61343754629.0,60012128287.0,0.049564353470358,0.0296467892579148,0.2412729608885698,0.0582863154050189,3.1394443826482465,0.2415783152424531,1.022189287065969,https://www.brvm.org/fr/rapports-societe-cotes/cfao-motors-ci,verified_like,passes_rule_checks
CORIS BANK INTERNATIONAL,2022,2023.0,2023-04-27,ok,,,7,CORIS BANK INTERNATIONAL BURKINA FASO : Etats financiers Exercice 2022,https://www.brvm.org/sites/default/files/20230427_-_etats_financiers_exercice_2022_-_coris_bank_international_bf.pdf,60745.0,56478.0,111106.0,228513.0,2289034.0,2060521.0,67250.0,,0.546730149586881,0.5083253829676165,0.247154428850875,0.024673290130247,9.017084367191364,0.0998294477058881,,https://www.brvm.org/fr/rapports-societe-cotes/coris-bank-international,verified_like,passes_rule_checks
CROWN SIEM CI,2020,2021.0,2021-09-07,ok,,,8,CROWN SIEM CI : Etats financiers - exercice 2020,https://www.brvm.org/sites/default/files/20210907_-_etats_financiers_-_exercice_2020_-_crown_siem_ci.pdf,1127530810.0,736547004.0,19629605607.0,6228056683.0,18119926284.0,11351664351.0,13717453375.0,10387927968.0,0.0574403191064581,0.0375222517836702,0.1182627329019767,0.0406484547705017,1.82266554862696,0.3437131357702823,1.3205187230077644,https://www.brvm.org/fr/rapports-societe-cotes/crown-siem-ci,verified_like,passes_rule_checks
CROWN SIEM CI,2021,2022.0,2022-05-10,ok,,,8,EVIOSYS PACKAGING SIEM : Etats financiers Exercice 2021,https://www.brvm.org/sites/default/files/20220510_-_etats_financiers_exercice_2021_-_eviosys_packaging_siem.pdf,2822883834.0,2383609190.0,23056648977.0,5795669420.0,34167069773.0,28371400353.0,18622332953.0,13703831985.0,0.1224325285437596,0.1033805559679445,0.4112741802999523,0.0697633483303157,4.895275816645871,0.1696273475748844,1.3589142783845944,https://www.brvm.org/fr/rapports-societe-cotes/crown-siem-ci,verified_like,passes_rule_checks
CROWN SIEM CI,2022,,,ok,,,8,CROWN SIEM CI : Etats financiers - Exercice 2022,https://www.brvm.org/sites/default/files/eviosys_packaging_siem_-etats_financiers_de_synthese_-exercice_2022.pdf,3260942191.0,3857786280.0,29602761049.0,12037064890.0,32641610848.0,19772522423.0,28163239833.0,19772522423.0,0.110156690641198,0.1303184616331698,0.3204922724313734,0.1181861488994613,1.6426365234124778,0.368764426058879,1.424362518372449,https://www.brvm.org/fr/rapports-societe-cotes/crown-siem-ci,verified_like,passes_rule_checks
CROWN SIEM CI,2023,2024.0,2024-12-16,ok,,,8,EVIOSYS PACKAGING SIEM CI : Etats financiers de synthèse - Exercice 2023,https://www.brvm.org/sites/default/files/20241216_-_etats_financiers_de_synthese_-exercice_2023_-_eviosys_packaging_siem_ci.pdf,1460428832.0,1012055129.0,27874878137.0,13049120019.0,30745259764.0,16741603893.0,26600691927.0,16741603893.0,0.0523922947688687,0.0363070691834393,0.0775573469725476,0.0329174362737057,1.2829680368196177,0.4244270537690943,1.588897461498434,https://www.brvm.org/fr/rapports-societe-cotes/crown-siem-ci,verified_like,passes_rule_checks
ECOBANK CI,2020,2021.0,2021-03-24,ok,,,7,ECOBANK CI : Etats financiers exercice 2020,https://www.brvm.org/sites/default/files/20210324_-_etats_financiers_exercice_2020_-_ecobank_ci.pdf,28025.0,30018.0,86521.0,120089.0,1602345.0,1482256.0,58942.0,,0.3239098022445418,0.3469446723916737,0.2499646095812272,0.0187337932842178,12.342978957273356,0.0749457825873953,,https://www.brvm.org/fr/rapports-societe-cotes/ecobank-ci,verified_like,passes_rule_checks
ECOBANK CI,2021,2022.0,2022-03-17,ok,,,6,ECOBANK CI : États financiers exercice 2021,https://www.brvm.org/sites/default/files/20220317_-_etats_financiers_exercice_2021_-_ecobank_ci.pdf,,34304.0,90545.0,128527.0,1677707.0,1549180.0,31959.0,,,0.3788613396653598,0.2669011180530161,0.0204469552788418,12.053342877372067,0.0766087284609291,,https://www.brvm.org/fr/rapports-societe-cotes/ecobank-ci,verified_like,passes_rule_checks
ECOBANK CI,2022,2023.0,2023-04-05,ok,,,6,ECOBANK CI : Etats financiers exercice 2022,https://www.brvm.org/sites/default/files/20230405_-_etats_financiers_exercice_2022_-_ecobank_ci.pdf,,44598.0,99155.0,144829.0,1901235.0,1756406.0,36336.0,,,0.449780646462609,0.3079355653909092,0.0234573842791659,12.127446851114073,0.0761762748950024,,https://www.brvm.org/fr/rapports-societe-cotes/ecobank-ci,verified_like,passes_rule_checks
ECOBANK CI,2023,2024.0,2024-03-28,ok,,,7,ECOBANK CI : Résultats financiers - Exercice 2023,https://www.brvm.org/sites/default/files/20240328_-_resultats_financiers_-_exercice_2023_-_ecobank_ci.pdf,48368.0,48071.0,110189.0,163719.0,1953299.0,1737516.0,39820.0,,0.438954886603926,0.4362595177377052,0.2936189446551713,0.0246101595301077,10.612793872427757,0.08381666094131,,https://www.brvm.org/fr/rapports-societe-cotes/ecobank-ci,verified_like,passes_rule_checks
ECOBANK TG,2021,2022.0,2022-01-28,ok,,,7,Ecobank Transnational Incorporated TOGO : Etats financiers exercice 2021,https://www.brvm.org/sites/default/files/20220128_-_etats_financiers_exercice_2021_-_eti_tg.pdf,516827.0,349504.0,1741138.0,2128906.0,27257878.0,23000066.0,43600.0,,0.2968328759696245,0.2007330837647561,0.1641707055172938,0.0128221279734247,10.803701995297114,0.078102411346914,,https://www.brvm.org/fr/rapports-societe-cotes/ecobank-tg,verified_like,passes_rule_checks
ECOBANK TG,2023,2024.0,2024-05-02,ok,,,7,ETI TOGO : Etats financiers - Exercice 2023,https://www.brvm.org/sites/default/files/20240502_-_etats_financiers_-_exercice_2023_-_eti_tg.pdf,621172.0,406923.0,2063666.0,1734455.0,27230165.0,23761255.0,145054.0,,0.3010041353591133,0.1971845250151914,0.2346114485530036,0.0149438315926473,13.699551155838575,0.0636960885106645,,https://www.brvm.org/fr/rapports-societe-cotes/ecobank-tg,verified_like,passes_rule_checks
ECOBANK TG,2024,2025.0,2025-03-28,ok,,,7,ETI TOGO : Etats financiers certifiés par les Commissaires Aux Comptes - Exercice 2024,https://www.brvm.org/sites/default/files/20250328_-_etats_financiers_certifies_par_les_commissaires_aux_comptes_-_exercice_2024_-_eti_tg.pdf,657755.0,493630.0,2089118.0,1794802.0,27955172.0,24365568.0,2391697.0,,0.3148481799496246,0.2362863179581048,0.2750331234308854,0.0176579131761378,13.575630069500702,0.064202860207764,,https://www.brvm.org/fr/rapports-societe-cotes/ecobank-tg,verified_like,passes_rule_checks
FILTISAC CI,2022,2023.0,2023-05-11,ok,,,8,FILTISAC CI : Etats financiers exercice 2022,https://www.brvm.org/sites/default/files/20230511_-_etats_financiers_exercice_2022_-_filtisac_ci.pdf,203064.0,153483.0,45464126.0,29719262.0,60742819.0,31023557.0,36634076.0,25908048.0,0.004466466593903,0.0033759144517591,0.0051644283764516,0.0025267678143156,1.043887193430308,0.4892637926468312,1.4140037103528602,https://www.brvm.org/fr/rapports-societe-cotes/filtisac-ci,verified_like,passes_rule_checks
FILTISAC CI,2024,2025.0,2025-05-23,ok,,,8,FILTISAC CÔTE D'IVOIRE : Etats financiers - Exercice 2024,https://www.brvm.org/sites/default/files/20250523_-_etats_financiers_-_exercice_2024_-_filtisac_ci.pdf,882181.0,18595275.0,30694517.0,27426156722.0,27443764313.0,17607591.0,53014429.0,14076147.0,0.0287406705243154,0.6058174819952371,0.0006780124239968,0.0006775774193335,0.0006419999410955,0.9993584119583894,3.766259971567504,https://www.brvm.org/fr/rapports-societe-cotes/filtisac-ci,verified_like,passes_rule_checks
LNB,2025,2026.0,2026-04-30,ok,,,5,LNB BN : Etats financiers - Exercice 2025,https://www.brvm.org/sites/default/files/20260430_-_etats_financiers_-_exercice_2025_-_lnb_bn.pdf,6376159291.0,4622243779.0,98598057859.0,21953860132.0,,,,9661311921.0,0.064668203709633,0.0468796635488503,0.2105435559490791,,,,,https://www.brvm.org/fr/rapports-societe-cotes/lnb,verified_like,passes_rule_checks
NEI-CEDA CI,2020,2021.0,2021-05-17,ok,,,8,NEI-CEDA CÔTE D'IVOIRE : Etats Financiers - Exercice 2020,https://www.brvm.org/sites/default/files/20210517_-_etats_financiers_-_exercice_2020_-_nei-ceda_ci.pdf,1365392841.0,800792587.0,7301216273.0,2777950849.0,9110103553.0,6332152704.0,8544536583.0,6230553750.0,0.1870089571307785,0.1096793406820918,0.2882673706369813,0.0879015899590181,2.2794329519110943,0.3049307653682166,1.3713928048530195,https://www.brvm.org/fr/rapports-societe-cotes/nei-ceda-ci,verified_like,passes_rule_checks
NEI-CEDA CI,2021,2022.0,2022-04-29,ok,,,8,NEI-CEDA : Etats financiers exercice 2021,https://www.brvm.org/sites/default/files/20220429_-_etats_financiers_exercice_2021_-_nei-ceda_ci.pdf,1787649834.0,980247893.0,8874246101.0,3758198742.0,4244297755.0,486099013.0,8008201421.0,392042294.0,0.2014424452121693,0.1104598499797678,0.2608291791610631,0.2309564383990774,0.1293436154846118,0.8854700963363491,20.42688134306244,https://www.brvm.org/fr/rapports-societe-cotes/nei-ceda-ci,verified_like,passes_rule_checks
NEI-CEDA CI,2022,2023.0,2023-05-12,ok,,,8,NEI-CEDA CI : Etats financiers exercice 2022,https://www.brvm.org/sites/default/files/20230512_-_etats_financiers_exercice_2022_-_nei-ceda_ci.pdf,1794653147.0,1212304460.0,8988063184.0,4970503202.0,5298200428.0,327697226.0,7248722711.0,235107602.0,0.1996707310863959,0.1348793878260747,0.2438997442979617,0.2288143826332422,0.0659283804239665,0.9381493338250888,30.83151139876796,https://www.brvm.org/fr/rapports-societe-cotes/nei-ceda-ci,verified_like,passes_rule_checks
NEI-CEDA CI,2023,2024.0,2024-04-22,ok,,,8,NEI CEDA CI : Etats financiers SYSCOHADA - Exercice 2023,https://www.brvm.org/sites/default/files/20240422_-_etats_financiers_syscohada_-_exercice_2023_-_nei_ceda_ci.pdf,1850072232.0,1167140182.0,8525436230.0,5637643384.0,5748166014.0,110522630.0,5807131931.0,30873108.0,0.2170061662639402,0.1369009339244098,0.2070262523721206,0.2030456634615911,0.019604402490883,0.9807725403666464,188.09677117703865,https://www.brvm.org/fr/rapports-societe-cotes/nei-ceda-ci,verified_like,passes_rule_checks
NEI-CEDA CI,2024,2025.0,2025-06-13,ok,,,8,NEI-CEDA MOTORS CÔTE D'IVOIRE : Etats financiers approuvés - Exercice 2024,https://www.brvm.org/sites/default/files/20250613_-_etats_financiers_approuves_-_exercice_2024_-_nei-ceda_ci.pdf,603453112.0,-759371358.0,6744255774.0,3718272021.0,5135661788.0,1417389767.0,4558602620.0,171850181.0,0.0894766053100168,-0.1125952786262165,-0.2042269510437197,-0.1478624156626413,0.3811958240265606,0.7240102978915246,26.526609360975883,https://www.brvm.org/fr/rapports-societe-cotes/nei-ceda-ci,verified_like,passes_rule_checks
NEI-CEDA CI,2025,2026.0,2026-04-23,ok,,,8,NEI CEDA CI : Etats financiers SYSCOHADA - Exercice 2025,https://www.brvm.org/sites/default/files/20260423_-_etats_financiers_syscohada_-_exercice_2025_-_nei_ceda_ci.pdf,1212792267.0,2036626234.0,5139206354.0,5754898260.0,7386931894.0,1632033634.0,649006892.0,1631946812.0,0.235988240880043,0.396291974618772,0.3538943943033321,0.2757066483385666,0.2835903538631802,0.7790647514530882,0.3976887526160381,https://www.brvm.org/fr/rapports-societe-cotes/nei-ceda-ci,verified_like,passes_rule_checks
NESTLE CI,2020,2021.0,2021-04-20,ok,,,8,NESTLE CÔTE D'IVOIRE : Etats Financiers - Exercice 2020,https://www.brvm.org/sites/default/files/20210420_-_etats_financiers_2020_-_nestle_ci.pdf,27076473678.0,20899537493.0,173224766894.0,1043156491.0,62617078194.0,61573921703.0,53398162616.0,45150107155.0,0.1563083279804249,0.1206498231617704,20.034901448933223,0.3337673697940541,59.02654322169194,0.016659296809859,1.182680750517036,https://www.brvm.org/fr/rapports-societe-cotes/nestle-ci,verified_like,passes_rule_checks
NESTLE CI,2023,2024.0,2024-05-21,ok,,,7,NESTLE CI : Etats financiers - Exercice 2023,https://www.brvm.org/sites/default/files/20240521_-_etats_financiers_-_exercice_2023_-_nestle_ci.pdf,30164175277.0,16556698463.0,,5517600000.0,170579374762.0,165061774762.0,93269187627.0,59842981751.0,,,3.000706550492968,0.0970615497102193,29.91550216797158,0.0323462318213934,1.5585651800420428,https://www.brvm.org/fr/rapports-societe-cotes/nestle-ci,verified_like,passes_rule_checks
NSBC,2020,2021.0,2021-05-07,ok,,,7,NSIA BANQUE CÔTE D'IVOIRE : Etats Financiers - Exercice 2020,https://www.brvm.org/sites/default/files/20210507_-_etats_financiers_-_exercice_2020_-nsia_banque_ci.pdf,15258.0,13617.0,63150.0,101609.0,1193793.0,1092184.0,14429.0,,0.2416152019002375,0.2156294536817102,0.1340137192571524,0.0114065001218804,10.748890354200908,0.0851144210093374,,https://www.brvm.org/fr/rapports-societe-cotes/nsbc,verified_like,passes_rule_checks
NSBC,2021,2022.0,2022-04-01,ok,,,7,NSIA BANQUE CI : États financiers exercice 2021,https://www.brvm.org/sites/default/files/20220401_-_etats_financiers_exercice_2021_-_nsia_banque_ci.pdf,7830.0,7201.0,71364.0,108810.0,1549535.0,1440725.0,31373.0,,0.1097191861442744,0.1009052183173589,0.0661795790828048,0.0046472006117964,13.24074074074074,0.0702210663198959,,https://www.brvm.org/fr/rapports-societe-cotes/nsbc,verified_like,passes_rule_checks
NSBC,2022,2023.0,2023-03-31,ok,,,7,NSIA BANQUE CI : Etats financiers exercice 2022,https://www.brvm.org/sites/default/files/20230331_-_etats_financiers_exercice_2022_-_nsia_banque_ci.pdf,23151.0,23713.0,76622.0,132524.0,1644547.0,1512023.0,40113.0,,0.3021455978700634,0.3094803059173605,0.1789336271165977,0.0144191683180839,11.409427726298633,0.080583893315302,,https://www.brvm.org/fr/rapports-societe-cotes/nsbc,verified_like,passes_rule_checks
NSBC,2023,2024.0,2024-03-28,ok,,,7,NSIA BANQUE CI : Etats financiers - Exercice 2023,https://www.brvm.org/sites/default/files/20240328_-_etats_financiers_-_exercice_2023_-_nsia_banque_ci.pdf,25354.0,32382.0,80105.0,164905.0,1885056.0,1720151.0,57674.0,,0.3165095811747082,0.4042444291866924,0.1963676055910979,0.0171782695049908,10.431163397107426,0.0874801597406124,,https://www.brvm.org/fr/rapports-societe-cotes/nsbc,verified_like,passes_rule_checks
NSBC,2024,2025.0,2025-03-25,ok,,,7,NSIA BANQUE CÔTE D'IVOIRE : Etats financiers certifiés par les Commissaires Aux Comptes - Exercice 2024,https://www.brvm.org/sites/default/files/20250325_-_etats_financiers_certifies_par_les_commissaires_aux_comptes_-_exercice_2024_-_nsia_banque_ci.pdf,34546.0,34813.0,91002.0,59548.0,2037064.0,1977516.0,72526.0,,0.3796180303729588,0.3825520318234764,0.5846208101027742,0.0170897919751171,33.20877275475247,0.0292322676165304,,https://www.brvm.org/fr/rapports-societe-cotes/nsbc,verified_like,passes_rule_checks
ONATEL BF,2021,2022.0,2022-04-20,ok,,,8,ONATEL BURKINA FASO : Etats financiers exercice 2021,https://www.brvm.org/sites/default/files/20220420_-_etats_financiers_exercice_2021_-_onatel_bf.pdf,48604853149.0,0.0,154881403105.0,73174192425.0,216671559878.0,143497367453.0,55817735227.0,84913996397.0,0.3138198142229439,0.0,0.0,0.0,1.9610379383425085,0.3377194148886073,0.6573443436348737,https://www.brvm.org/fr/rapports-societe-cotes/onatel-bf,verified_like,passes_rule_checks
ONATEL BF,2022,2023.0,2023-07-20,ok,,,8,ONATEL BURKINA FASO : Etats financiers certifiés et approuvés exercice 2022,https://www.brvm.org/sites/default/files/20230720_-_etats_financiers_certifies_et_approuves_exercice_2022_-_onatel_bf.pdf,35677978444.0,0.0,145625176508.0,63172382621.0,229231698328.0,166059315707.0,66799760418.0,104450207526.0,0.2449986966507814,0.0,0.0,0.0,2.6286695042557717,0.2755831025193067,0.6395368855669534,https://www.brvm.org/fr/rapports-societe-cotes/onatel-bf,verified_like,passes_rule_checks
ONATEL BF,2023,2024.0,2024-07-10,ok,,,8,MOOV AFRICA BF : (ex ONATEL BF) Etats financiers approuvés - Exercice 2023,https://www.brvm.org/sites/default/files/20240710_-_etats_financiers_approuves_-_exercice_2023_-_onatel_bf.pdf,33311787154.0,0.0,139153817144.0,61929278606.0,237579050409.0,175649771803.0,73044241854.0,108665077111.0,0.2393882384090699,0.0,0.0,0.0,2.8362961067333057,0.2606680955218347,0.6721961074889427,https://www.brvm.org/fr/rapports-societe-cotes/onatel-bf,verified_like,passes_rule_checks
ONATEL BF,2024,2025.0,2025-07-18,ok,,,8,MOOV AFRICA BURKINA FASO (ex ONATEL BF) : États financiers certifiés et approuvés Exercice 2024,https://www.brvm.org/sites/default/files/20250718_-_etats_financiers_certifies_et_approuves_exercice_2024_-_onatel_bf.pdf,33565159589.0,0.0,141841255383.0,62561325597.0,147340000510.0,84778674913.0,81368682963.0,17552461786.0,0.236638906630989,0.0,0.0,0.0,1.3551291329585475,0.4246051675067963,4.635741923557434,https://www.brvm.org/fr/rapports-societe-cotes/onatel-bf,verified_like,passes_rule_checks
ORAGROUP,2022,2023.0,2023-04-26,ok,,,5,ORAGROUP TOGO : Etats financiers Exercice 2022,https://www.brvm.org/sites/default/files/20230426_-_etats_financiers_exercice_2022_-_oragroup_tg.pdf,24928.0,19199.0,222431.0,105279271414.0,,,225265.0,,0.1120707095683605,0.0863144076140466,1.8236258422136965e-07,,,,,https://www.brvm.org/fr/rapports-societe-cotes/oragroup,verified_like,passes_rule_checks
ORAGROUP,2023,2024.0,2024-04-29,ok,,,5,ORAGROUP TOGO : Etats financiers - Exercice 2023,https://www.brvm.org/sites/default/files/20240429_-_etats_financiers_-_exercice_2023_-_oragroup_togo.pdf,-32255.0,-18186.0,215280.0,109239219667.0,,,196553.0,,-0.1498281308063916,-0.0844760312151616,-1.6647866998169153e-07,,,,,https://www.brvm.org/fr/rapports-societe-cotes/oragroup,verified_like,passes_rule_checks
ORANGE CI,2024,2025.0,2025-02-21,ok,,,5,ORANGE CI : Etats financiers - Exercice 2024,https://www.brvm.org/sites/default/files/20250221_-_etats_financiers_-_exercice_2024_-_orange_ci.pdf,263200000000.0,158200000000.0,1084100000000.0,713800000000.0,,,,1304300000000.0,0.2427820311779356,0.1459274974633336,0.2216307088820397,,,,,https://www.brvm.org/fr/rapports-societe-cotes/orange-ci,verified_like,passes_rule_checks
ORANGE CI,2025,2026.0,2026-02-17,ok,,,8,ORANGE CI : Etats financiers - Exercice 2025,https://www.brvm.org/sites/default/files/20260217_-_etats_financiers_-_exercice_2025_-_orange_ci.pdf,287200000000.0,167800000000.0,1197100000000.0,707800000000.0,2554100000000.0,1846300000000.0,1436100000000.0,1520200000000.0,0.2399131233815053,0.1401720825327875,0.2370726193840067,0.0656982890254884,2.6085052274653857,0.2771230570455346,0.9446783317984476,https://www.brvm.org/fr/rapports-societe-cotes/orange-ci,verified_like,passes_rule_checks
PALM CI,2020,2021.0,2021-05-04,ok,,,8,PALM CÔTE D'IVOIRE : Etats Financiers - Exercice 2020,https://www.brvm.org/sites/default/files/20210504_-_etats_financiers_-_exercice_2020_-_palm_ci.pdf,5512352378.0,3521647345.0,119759702243.0,69201263090.0,138598826714.0,69397563624.0,30863321421.0,23476478355.0,0.0460284409092391,0.0294059460656837,0.0508899287057796,0.0254089260962284,1.0028366611422208,0.4992918391206692,1.3146486859868722,https://www.brvm.org/fr/rapports-societe-cotes/palm-ci,verified_like,passes_rule_checks
PALM CI,2021,2022.0,2022-04-26,ok,,,8,PALM CI : Etats financiers exercice 2021,https://www.brvm.org/sites/default/files/20220426_-_etats_financiers_exercice_2021_-_palm_ci.pdf,56689991420.0,42473119895.0,195659428255.0,109913559311.0,167045712552.0,57132153241.0,62919277888.0,37448887226.0,0.2897381021992806,0.217076786300558,0.3864229323592594,0.2542604610805468,0.5197916762875887,0.6579849170135676,1.6801374499671762,https://www.brvm.org/fr/rapports-societe-cotes/palm-ci,verified_like,passes_rule_checks
PALM CI,2022,2023.0,2023-04-25,ok,,,8,PALM CÔTE D'IVOIRE : États financiers exercice 2022,https://www.brvm.org/sites/default/files/20230425_-_etats_financiers_exercice_2022_-_palm_ci.pdf,56649930999.0,41693172115.0,232712921927.0,130370171479.0,214327417788.0,83957246309.0,89609941187.0,70900106621.0,0.2434326831956954,0.1791613966674303,0.3198060694559715,0.1945302777652107,0.6439912240394945,0.6082757531654418,1.2638900765835843,https://www.brvm.org/fr/rapports-societe-cotes/palm-ci,verified_like,passes_rule_checks
PALM CI,2024,2025.0,2025-04-17,ok,,,8,PALM CÔTE D'IVOIRE : Etats financiers provisoires validés par le Conseil d'Administration - Exercice 2024,https://www.brvm.org/sites/default/files/20250417_-_etats_financiers_provisoires_valides_par_le_ca_-_exercice_2024_-_palm_ci.pdf,19393765.0,15861643.0,172182502.0,135061151.0,202603319.0,60092981.0,93705506.0,41473506.0,0.1126349354593534,0.0921211087988488,0.1174404548055421,0.0782891567536462,0.4449316517375155,0.6666285215199264,2.259406426840306,https://www.brvm.org/fr/rapports-societe-cotes/palm-ci,verified_like,passes_rule_checks
SAFCA CI,2020,2021.0,2021-06-04,ok,,,7,SAFCA CI : Etats financiers exercice 2020,https://www.brvm.org/sites/default/files/20210604_-_etats_financiers_exercice_2020_-_safca_ci.pdf,1.403,1.64,3.414,3.248,66.533,63.285,12.162,,0.4109548916227299,0.4803749267721148,0.5049261083743841,0.024649422091293,19.48429802955665,0.0488178798490974,,https://www.brvm.org/fr/rapports-societe-cotes/safca-ci,verified_like,passes_rule_checks
SAFCA CI,2021,2022.0,2022-04-25,ok,,,7,SAFCA CI : Etats financiers exercice 2021,https://www.brvm.org/sites/default/files/20220425_-_etats_financiers_exercice_2021_-_safca_ci.pdf,550.0,603.0,3567.0,6195.0,64690.0,58495.0,9015.0,,0.1541911970843846,0.169049621530698,0.0973365617433414,0.0093213788839078,9.44229217110573,0.0957644149018395,,https://www.brvm.org/fr/rapports-societe-cotes/safca-ci,verified_like,passes_rule_checks
SAFCA CI,2024,2025.0,2025-07-03,ok,,,7,SAFCA CÔTE D'IVOIRE : Etats financiers - Exercice 2024,https://www.brvm.org/sites/default/files/20250703_-_etats_finaniers_-_exercice_2024_-_safca_ci.pdf,-422.0,-579.0,3693.0,5380.0,70073.0,64693.0,5146.0,,-0.1142702409964798,-0.1567831031681559,-0.1076208178438661,-0.0082628116392904,12.024721189591078,0.0767770753357213,,https://www.brvm.org/fr/rapports-societe-cotes/safca-ci,verified_like,passes_rule_checks
SAPH CI,2020,2021.0,2021-04-23,ok,,,8,SAPH CÔTE D'IVOIRE : Etats Financiers - Exercice 2020,https://www.brvm.org/sites/default/files/20210423_-_etats_financiers_-_exercice_2020_-_saph_ci.pdf,10954030372.0,7493033989.0,158789037442.0,84004628.0,157131875799.0,157047871171.0,59642514092.0,20435528108.0,0.0689848024048959,0.0471886101818391,89.19787120538169,0.0476862759443217,1869.5145125932825,0.0005346122648434,2.918569746609653,https://www.brvm.org/fr/rapports-societe-cotes/saph-ci,verified_like,passes_rule_checks
SAPH CI,2021,2022.0,2022-08-23,ok,,,8,SAPH CI : États financiers certifiés et approuvé - Exercice 2021,https://www.brvm.org/sites/default/files/20220823_-_etats_financiers_certifies_et_approuves_-_saph_ci.pdf,27558059338.0,20750470464.0,208794460641.0,8649304155.0,73120333971.0,64471029816.0,72767075511.0,22857875907.0,0.1319865443431623,0.0993822843781197,2.399091313259523,0.2837852254918552,7.453897869776092,0.1182886303340787,3.183457457161004,https://www.brvm.org/fr/rapports-societe-cotes/saph-ci,verified_like,passes_rule_checks
SAPH CI,2022,2023.0,2023-08-02,ok,,,8,SAPH CI: Etats financiers certifiés et approuvés - Exercice 2022,https://www.brvm.org/sites/default/files/20230802_-_etats_financiers_certifies_et_approuves_-_exercice_2022_-_saph_ci.pdf,26283237143.0,16700611131.0,224421228771.0,8649304155.0,82396462858.0,73747158703.0,71580787750.0,31646046844.0,0.1171156458189589,0.0744163607982083,1.930861816363076,0.2026860201484791,8.526368986615894,0.1049717895039498,2.261918782553136,https://www.brvm.org/fr/rapports-societe-cotes/saph-ci,verified_like,passes_rule_checks
SAPH CI,2023,2024.0,2024-07-18,ok,,,8,SAPH CI : Etats financiers certifiés et approuvés par les Commissaires Aux Comptes - Exercice 2023 - SYSCOHADA,https://www.brvm.org/sites/default/files/20240718_-_etats_financiers_certifies_et_approuves_par_les_cac_-_exercice_2023_-_syscohada_-_saph_ci.pdf,7351109818.0,3635138559.0,206469431933.0,8649304155.0,204450597086.0,195801292931.0,73254801209.0,32424987855.0,0.0356038651783836,0.0176061827892257,0.4202810415562268,0.0177800339583792,22.637808709479938,0.0423051058704502,2.259208285183797,https://www.brvm.org/fr/rapports-societe-cotes/saph-ci,verified_like,passes_rule_checks
SAPH CI,2024,2025.0,2025-03-19,ok,,,8,SAPH CÔTE D'IVOIRE : Etats financiers certifiés par les Commissaires Aux Comptes - Exercice 2024,https://www.brvm.org/sites/default/files/20250319_-_etats_financiers_certifies_par_les_cacs_-_exercice_2024_-_saph_ci.pdf,29445590532.0,18790217905.0,279437727425.0,8649304155.0,230857468705.0,222208164550.0,99086053335.0,32917169803.0,0.1053744274380526,0.0672429527614277,2.1724542886074514,0.0813931557441227,25.690871839851493,0.0374659923437541,3.0101632044310658,https://www.brvm.org/fr/rapports-societe-cotes/saph-ci,verified_like,passes_rule_checks
SERVAIR ABIDJAN CI,2021,2022.0,2022-06-17,ok,,,8,SERVAIR ABIDJAN CI : Etats Financiers exercice 2021,https://www.brvm.org/sites/default/files/20220617_-_etats_financiers_exercice_2021_-_servair_abidjan_ci.pdf,904931750.0,953353113.0,8377372850.0,4000819796.0,4917503964.0,916684168.0,2990161902.0,420311328.0,0.1080209471636445,0.1138009648215669,0.2382894410673426,0.1938693125576095,0.2291240832482623,0.813587508070995,7.114159678323017,https://www.brvm.org/fr/rapports-societe-cotes/servair-abidjan-ci,verified_like,passes_rule_checks
SERVAIR ABIDJAN CI,2022,2023.0,2023-06-02,ok,,,8,SERVAIR ABIDJAN CI : Etats financiers exercice 2022 SYSCOHADA,https://www.brvm.org/sites/default/files/20230602_-_etats_financiers_exercice_2022_syscohada_-_servair_abidjan_ci.pdf,1870413228.0,1268616196.0,10804244269.0,4569435992.0,9672094769.0,5102658777.0,3788557323.0,5051158777.0,0.1731183765778667,0.1174183186176165,0.2776308056882833,0.1311625068093871,1.116693348136082,0.4724349896410739,0.7500372667457726,https://www.brvm.org/fr/rapports-societe-cotes/servair-abidjan-ci,verified_like,passes_rule_checks
SERVAIR ABIDJAN CI,2025,2026.0,2026-04-27,ok,,,7,SERVAIR ABIDJAN CI : Etats financiers SYSCOHADA - Exercice 2025,https://www.brvm.org/sites/default/files/20260427_-_etats_financiers_syscohada_-_exercice_2025_-_servair_abidjan_ci.pdf,,1350660521.0,13298319225.0,13303123200.0,17370701747.0,4067578547.0,3883484104.0,3626035045.0,,0.1015662579719731,0.1015295807378525,0.0777550924926372,0.3057611724591109,0.7658368322567919,1.0710001574185006,https://www.brvm.org/fr/rapports-societe-cotes/servair-abidjan-ci,verified_like,passes_rule_checks
SETAO CI,2020,2021.0,2021-04-29,ok,,,7,SETAO CI : Etats Financiers - Exercice 2020,https://www.brvm.org/sites/default/files/20210429_-_etats_financiers_-_exercice_2020_-_setao_ci.pdf,3108191.0,2320633.0,,2845997.0,18586404.0,15370669.0,12503038.0,14615490.0,,,0.8154024758283301,0.1248564811138292,5.400802952357293,0.1531225190198168,0.855464852700799,https://www.brvm.org/fr/rapports-societe-cotes/setao-ci,verified_like,passes_rule_checks
SETAO CI,2021,2022.0,2022-04-26,ok,,,7,SETAO CI : Etats financiers exercice 2021,https://www.brvm.org/sites/default/files/20220426_-_etats_financiers_exercice_2021_-_setao_ci.pdf,1286674.0,1119448.0,,2977605.0,16260295.0,13282535.0,7291396.0,12769570.0,,,0.3759558437066031,0.068845491425586,4.460811625450656,0.1831212164354951,0.5709977704809167,https://www.brvm.org/fr/rapports-societe-cotes/setao-ci,verified_like,passes_rule_checks
SETAO CI,2022,2023.0,2023-04-26,ok,,,7,SETAO CÔTE D'IVOIRE : Etats financiers Exercice 2022,https://www.brvm.org/sites/default/files/20230426_-_etats_financiers_exercice_2022_-_setao_ci.pdf,-106831.0,-70544.0,,1919221.0,15068264.0,13149043.0,8150698.0,12729020.0,,,-0.0367565798831921,-0.0046816275584234,6.851239643584559,0.1273684214717767,0.640324078365813,https://www.brvm.org/fr/rapports-societe-cotes/setao-ci,verified_like,passes_rule_checks
SETAO CI,2023,2024.0,2024-04-12,ok,,,7,SETAO CI : Résultats financiers provisoires - Exercice 2023,https://www.brvm.org/sites/default/files/20240412_-_resultats_financiers_provisoires_-_exercice_2023_-_setao_ci.pdf,-1136144.0,-1117719.0,,801502.0,11329611.0,10418043.0,6577469.0,9153452.0,,,-1.39453051895067,-0.0986546669607632,12.99814972389339,0.0707439999484536,0.7185779747356517,https://www.brvm.org/fr/rapports-societe-cotes/setao-ci,verified_like,passes_rule_checks
SETAO CI,2024,2025.0,2025-04-10,ok,,,7,SETAO CÔTE D'IVOIRE : Etats financiers provisoires - Exercice 2024,https://www.brvm.org/sites/default/files/20250410_-_etats_financiers_provisoires_-_exercice_2024_-_setao_ci.pdf,-1007887.0,-348195.0,,453306.0,7378386.0,6885151.0,3307131.0,6472894.0,,,-0.7681235192121878,-0.0471912149892944,15.188748880447204,0.0614370134606674,0.5109199996168639,https://www.brvm.org/fr/rapports-societe-cotes/setao-ci,verified_like,passes_rule_checks
SETAO CI,2025,2026.0,2026-04-13,ok,,,7,SETAO CI : Etats financiers - Exercice 2025,https://www.brvm.org/sites/default/files/20260413_-_etats_financiers_-_exercice_2025_-_setao_ci.pdf,-771953.0,-96558.0,,356746.0,5446509.0,5089763.0,3695985.0,4626456.0,,,-0.2706631609043969,-0.0177284201678543,14.267190101640944,0.0654999376664942,0.7988803957067786,https://www.brvm.org/fr/rapports-societe-cotes/setao-ci,verified_like,passes_rule_checks
SGCI,2021,2022.0,2022-06-30,ok,,,5,SOCIÉTÉ GENERALE CI : États financiers certifiés Exercice 2021,https://www.brvm.org/sites/default/files/20220630_-_etats_financiers_certifies_exercice_2021_-_societe_generale_ci_0.pdf,80504.0,67438.0,189096.0,304993.0,,,44234.0,,0.4257308457080002,0.3566336675551043,0.2211132714521317,,,,,https://www.brvm.org/fr/rapports-societe-cotes/sgci,verified_like,passes_rule_checks
SGCI,2025,,,ok,,,5,SOCIETE GENERALE CI : Rapport d'activités annuel et Etats Financiers - Exercice 2025 - (Annule et remplace le précédent),https://www.brvm.org/fr/societe-generale-ci-rapport-dactivites-annuel-et-etats-financiers-exercice-2025-annule-et-remplace,15000000000.0,0.0,4900000000.0,451721000000000.0,,,37061000000000.0,,3.061224489795918,0.0,0.0,,,,,https://www.brvm.org/fr/rapports-societe-cotes/sgci,verified_like,passes_rule_checks
SIB,2020,2021.0,2021-07-12,ok,,,7,SIB CI : Etats financiers certifiés et approuvés - exercice 2020,https://www.brvm.org/sites/default/files/20210712_-_etats_financiers_certifies_et_approuves_-_exercice_2020_-_sib_ci.pdf,33624.0,28057.0,71887.0,101506.0,1099398.0,997892.0,25930.0,,0.4677340826575041,0.3902930988913155,0.2764073059720607,0.0255203302170824,9.830867140858668,0.0923287108035488,,https://www.brvm.org/fr/rapports-societe-cotes/sib,verified_like,passes_rule_checks
SICOR,2020,2023.0,2023-07-06,ok,,,8,SICOR CI : Etats financiers - Exercice 2020,https://www.brvm.org/sites/default/files/20230706_-_etats_financiers_-_exercice_2020_-_sicor.pdf,109049980.0,109826095.0,2359881248.0,3005434403.0,4051248833.0,1045814430.0,1884062355.0,983542428.0,0.0462099438657855,0.0465388227026583,0.0365425027711044,0.0271091950969282,0.3479744655069086,0.7418538151788713,1.915588287158264,https://www.brvm.org/fr/rapports-societe-cotes/sicor,verified_like,passes_rule_checks
SMB,2020,2021.0,2021-04-14,ok,,,8,SMB CÔTE D'IVOIRE : Etats Financiers - Exercice 2020,https://www.brvm.org/sites/default/files/20210414_-_etats_financiers_2020_-_smb_ci.pdf,14102.0,9396.0,102670.0,20139.0,80095.0,59956.0,42964.0,51307.0,0.1373526833544365,0.0915165092042466,0.466557425890064,0.1173106935514077,2.9771090918119074,0.2514389162869093,0.8373906094684935,https://www.brvm.org/fr/rapports-societe-cotes/smb,verified_like,passes_rule_checks
SMB,2021,2022.0,2022-04-29,ok,,,7,SMB CI : Etats financiers exercice 2021,https://www.brvm.org/sites/default/files/20220429_-_etats_financiers_exercice_2021_-_smb_ci.pdf,14102.0,9396.0,,21747.0,107351.0,82532.0,50690.0,78467.0,,,0.4320595944268175,0.0875259662229508,3.795098174460845,0.2025784575830686,0.6460040526590796,https://www.brvm.org/fr/rapports-societe-cotes/smb,verified_like,passes_rule_checks
SMB,2022,2023.0,2023-08-16,ok,,,8,SMB CI : Etats financiers certifiés et approuvés - Exercice 2022,https://www.brvm.org/sites/default/files/20230816_-_etats_financiers_certifies_et_approuves_-_exercice_2022_-_smb_ci.pdf,1380.0,9421.0,276854.0,24932.0,164780.0,136985.0,12086.0,108494.0,0.0049845767083011,0.0340287660644238,0.3778678004171346,0.0571732006311445,5.494344617359217,0.1513047699963587,0.1113978653197411,https://www.brvm.org/fr/rapports-societe-cotes/smb,verified_like,passes_rule_checks
SMB,2023,2024.0,2024-05-13,ok,,,8,SMB CI : Etats financiers de synthèse - Exercice 2023,https://www.brvm.org/sites/default/files/20240513_-_etats_financiers_de_synthese_-_exercice_2023_-_smb_ci.pdf,28583.0,17755.0,247646.0,35951.0,183993.0,144521.0,155055.0,124945.0,0.1154187832632063,0.0716950808815809,0.4938666518316598,0.0964982363459479,4.019943812411338,0.1953933030060926,1.240986033854896,https://www.brvm.org/fr/rapports-societe-cotes/smb,verified_like,passes_rule_checks
SMB,2024,2025.0,2025-09-03,ok,,,8,SMB CÔTE D'IVOIRE : Etats financiers - Exercice 2024,https://www.brvm.org/sites/default/files/20250903_-_etats_financiers_-_exercice_2024_-_smb_ci.pdf,17086.0,8698.0,229061.0,35294.0,163113.0,120211.0,134430.0,117820.0,0.0745914843644269,0.0379724178275655,0.2464441548138493,0.0533249955552285,3.4059896866322887,0.216377603256638,1.140977762688847,https://www.brvm.org/fr/rapports-societe-cotes/smb,verified_like,passes_rule_checks
SODECI,2020,2021.0,2021-06-04,ok,,,8,SODECI : Etats financiers exercice 2020,https://www.brvm.org/sites/default/files/20210604_-_etats_financiers_2020_-_sodeci.pdf,6372159.0,4307472.0,127480235.0,1276856.0,271676820.0,255492875.0,231248219.0,148077848.0,0.049985466374454,0.0337893321266626,3.373498656073982,0.0158551325799529,200.0952926563371,0.0046999077801337,1.5616665296216352,https://www.brvm.org/fr/rapports-societe-cotes/sodeci,verified_like,passes_rule_checks
SODECI,2022,2023.0,2023-03-31,ok,,,8,SODECI : Etats financiers exercice 2022,https://www.brvm.org/sites/default/files/20230331_-_etats_financiers_exercice_2022_-_sodeci.pdf,8148301.0,4805517.0,160671009.0,7122495.0,353554454.0,334485483.0,307823156.0,202481251.0,0.0507141957389462,0.029909048495488,0.6746957351321412,0.013592013749599,46.96184174225465,0.0201453974611786,1.5202551074716542,https://www.brvm.org/fr/rapports-societe-cotes/sodeci,verified_like,passes_rule_checks
SOGB,2020,2021.0,2021-07-06,ok,,,6,SOGB CI : Etats financiers certifiés et approuvés - exercice 2020,https://www.brvm.org/sites/default/files/20210706_-_etats_financiers_certifie_et_approuves_-_sogb_ci.pdf,11218699.0,7652581.0,,3024258.0,11608629.0,8584371.0,24306540.0,,,,2.530399522792037,0.6592148823086689,2.8385048497846412,0.2605181025252853,,https://www.brvm.org/fr/rapports-societe-cotes/sogb,verified_like,passes_rule_checks
SOGB,2021,2022.0,2022-04-29,ok,,,7,SOGB CI : Etats financiers exercice 2021,https://www.brvm.org/sites/default/files/20220429_-_etats_financiers_exercice_2021_-_sogb_ci.pdf,20581153.0,14728280.0,,51502356.0,65546085.0,14043729.0,30614612.0,7926984.0,,,0.2859729368497239,0.2247011396637953,0.272681292483008,0.7857426725028658,3.86207566459072,https://www.brvm.org/fr/rapports-societe-cotes/sogb,verified_like,passes_rule_checks
SOGB,2022,2023.0,2023-04-24,ok,,,7,SOGB CI : États financiers exercice 2022,https://www.brvm.org/sites/default/files/20230424_-_etats_financiers_exercice_2022_-_sogb_ci.pdf,21852242.0,15652983.0,,13004308.0,19385799.0,6381491.0,26983990.0,2749889.0,,,1.2036767354325966,0.807445852502649,0.4907213055858105,0.6708161990124833,9.812756078518078,https://www.brvm.org/fr/rapports-societe-cotes/sogb,verified_like,passes_rule_checks
SOGB,2023,2024.0,2024-04-29,ok,,,7,SOGB CI : Etats financiers - Exercice 2023,https://www.brvm.org/sites/default/files/20240429_-_etats_financiers_-_exercice_2023_-_sogb_ci.pdf,7678013.0,5270303.0,,13393141.0,19326183.0,5933042.0,23522774.0,730690.0,,,0.3935076170705587,0.2727027370070955,0.4429910802850504,0.6930049767199244,32.19254950799929,https://www.brvm.org/fr/rapports-societe-cotes/sogb,verified_like,passes_rule_checks
SOGB,2024,2025.0,2025-04-30,ok,,,7,SOGB CÔTE D'IVOIRE : Etats financiers - Exercice 2024,https://www.brvm.org/sites/default/files/20250430_-_etats_financiers_-_exercice_2024_-_sogb_ci.pdf,18383382.0,13110790.0,,5177907.0,5841575.0,663668.0,25682184.0,654345.0,,,2.5320636311158156,2.244392993327998,0.128173024351345,0.8863888591689741,39.24868991128533,https://www.brvm.org/fr/rapports-societe-cotes/sogb,verified_like,passes_rule_checks
SOLIBRA,2020,2021.0,2021-05-04,ok,,,8,SOLIBRA CÔTE D'IVOIRE : Etats Financiers - Exercice 2020,https://www.brvm.org/sites/default/files/20210504_-_etats_financiers_-_exercice_2020_-_solibra_ci.pdf,27415.0,17520.0,229359.0,126775.0,294111.0,167296.0,103170.0,61100.0,0.1195287736692259,0.0763867997331693,0.138197594162887,0.0595693462672256,1.3196292644448826,0.4310447416111604,1.688543371522095,https://www.brvm.org/fr/rapports-societe-cotes/solibra,verified_like,passes_rule_checks
SOLIBRA,2021,2022.0,2022-06-03,ok,,,8,SOLIBRA CI : Etats financiers Exercice 2021,https://www.brvm.org/sites/default/files/20220603_-_etats_financiers_exercice_2021_-_solibra.pdf,35605.0,22020.0,299269.0,144022.0,316350.0,172327.0,124879.0,65362.0,0.1189732314406102,0.0735792881989113,0.1528933079668384,0.0696064485538169,1.1965324742053298,0.4552615773668405,1.91057495180686,https://www.brvm.org/fr/rapports-societe-cotes/solibra,verified_like,passes_rule_checks
SOLIBRA,2022,2023.0,2023-05-12,ok,,,8,SOLIBRA CI : Etats financiers exercice 2022,https://www.brvm.org/sites/default/files/20230512_-_etats_financiers_exercice_2022_-_solibra_ci.pdf,7112.0,1217.0,281880.0,137832.0,334102.0,196052.0,140452.0,63103.0,0.0252305945792535,0.0043174400454093,0.0088295896453653,0.0036426001640217,1.422398281966452,0.4125446719863994,2.225757887897564,https://www.brvm.org/fr/rapports-societe-cotes/solibra,verified_like,passes_rule_checks
SOLIBRA,2023,2024.0,2024-05-13,ok,,,8,SOLIBRA CI : Etats financiers de synthèse - Exercice 2023,https://www.brvm.org/sites/default/files/20240513_-_etats_financiers_de_synthese_-_exercice_2023_-_solibra_ci.pdf,16807.0,15078.0,311395.0,152909.0,327698.0,174674.0,149997.0,49868.0,0.0539732494099134,0.048420816005395,0.0986076686133582,0.0460118767889947,1.1423395614385026,0.466615603390927,3.0078808053260606,https://www.brvm.org/fr/rapports-societe-cotes/solibra,verified_like,passes_rule_checks
SONATEL,2025,2026.0,2026-02-16,ok,,,6,SONATEL SN : Etats financiers et attestation des Commissaires Aux Comptes – Exercice 2025,https://www.brvm.org/sites/default/files/20260216_-_etats_financiers_2025_et_attestation_des_cac_-_sonatel_sn.pdf,669792000000.0,413588000000.0,1923122000000.0,1399263.0,,,1644154.0,1567737.0,0.3482836762306291,0.2150607189767472,295575.59944056266,,,,1.0487435073612474,https://www.brvm.org/fr/rapports-societe-cotes/sonatel,verified_like,passes_rule_checks
SUCRIVOIRE,2022,2023.0,2023-06-12,ok,,,8,SUCRIVOIRE CI : Etats financiers SYSCOHADA exercice 2022,https://www.brvm.org/sites/default/files/20230612_-_etats_financiers_syscohada_exercice_2022_-_sucrivoire_ci.pdf,4860967440.0,8755668861.0,68635110937.0,27687386488.0,124042067779.0,96354681291.0,42276878390.0,37333577041.0,0.0708233347865041,0.1275683646674194,0.3162331289302006,0.070586285909064,3.4800930500522727,0.2232096496273291,1.1324089932119612,https://www.brvm.org/fr/rapports-societe-cotes/sucrivoire,verified_like,passes_rule_checks
TOTAL,2020,2021.0,2021-07-13,ok,,,8,TOTAL CÔTE D'IVOIRE : Etats financiers certifiés et approuvés - exercice 2020,https://www.brvm.org/sites/default/files/20210713_-_etats_financiers_certifies_et_approuves_-_exercice_2020_-_total_ci.pdf,7982.0,7648.0,416080.0,44637.0,128146.0,74658.0,58961.0,70337.0,0.0191838108056143,0.0183810805614304,0.1713376795035508,0.0596819253039501,1.6725586396935277,0.3483292494498463,0.8382643558866599,https://www.brvm.org/fr/rapports-societe-cotes/total,verified_like,passes_rule_checks
TOTAL,2021,2022.0,2022-06-21,ok,,,8,TOTALENERGIES CI : Etats financiers Certifiés et Approuvés Exercice 2021,https://www.brvm.org/sites/default/files/20220621_-_etats_financiers_certifies_et_approuves_exercice_2021-_totalenergies_ci.pdf,16088.0,11143.0,494433.0,48133.0,156297.0,103410.0,78353.0,91927.0,0.0325382812231384,0.0225369261355937,0.231504373298984,0.0712937548385445,2.148422080485322,0.3079585660633281,0.8523393562283116,https://www.brvm.org/fr/rapports-societe-cotes/total,verified_like,passes_rule_checks
TOTAL,2023,2024.0,2024-09-10,ok,,,8,TOTALENERGIES MARKETING CI : Etats financiers définitifs – Exercice 2023,https://www.brvm.org/sites/default/files/20240910_-_etats_financiers_definitifs_2023_-_totalenergies_marketing_ci.pdf,12087.0,8709.0,578922.0,45699.0,167625.0,119641.0,93726.0,103635.0,0.0208784603107154,0.0150434773596443,0.1905730978796035,0.0519552572706935,2.618022276198604,0.2726263982102908,0.9043855840208423,https://www.brvm.org/fr/rapports-societe-cotes/total,verified_like,passes_rule_checks
TOTAL,2024,2025.0,2025-04-30,ok,,,8,TOTALENERGIES MARKETING CÔTE D'IVOIRE : Etats financiers - Exercice 2024,https://www.brvm.org/sites/default/files/20250430_-_etats_financiers_-_exercice_2024_-_totalenergies_marketing_ci.pdf,10491.0,9374.0,621042.0,41115.0,191526.0,147891.0,106956.0,125527.0,0.0168925773136116,0.0150939872021538,0.2279946491548097,0.0489437465409396,3.5970083910981394,0.2146705930265342,0.8520557330295474,https://www.brvm.org/fr/rapports-societe-cotes/total,verified_like,passes_rule_checks
TOTAL SENEGAL S.A.,2024,2025.0,2025-05-02,ok,,,8,TOTALENERGIES MARKETING SN : Etats financiers IFRS - Exercice 2024,https://www.brvm.org/sites/default/files/20250502_-_etats_financiers_-_norme_ifrs_-_exercice_2024_-_totalenergies_marketing_sn.pdf,7208.0,7140.0,484945.0,26911.0,210418.0,183507.0,150004.0,178126.0,0.0148635412263246,0.0147233191392838,0.2653190145293746,0.0339324582497695,6.819033109137528,0.1278930509747265,0.8421229915902226,https://www.brvm.org/fr/rapports-societe-cotes/total-senegal-sa,verified_like,passes_rule_checks
TRACTAFRIC CI,2022,2023.0,2023-08-03,ok,,,7,TRACTAFRIC MOTORS CI : Etats financiers certifiés et approuvés - Exercice 2022,https://www.brvm.org/sites/default/files/20230803_-_etats_financiers_certifies_et_approuves_-_exercice_2022_-_tractafric_motors_ci.pdf,,3644.0,70092.0,11480.0,52169.0,36183.0,36898.0,37527.0,,0.0519888147006791,0.3174216027874564,0.0698499108666066,3.151829268292683,0.2200540550901876,0.9832387347776268,https://www.brvm.org/fr/rapports-societe-cotes/tractafric-ci,verified_like,passes_rule_checks
TRACTAFRIC CI,2024,2025.0,2025-06-13,ok,,,8,TRACTAFRIC MOTORS CÔTE D'IVOIRE : Etats financiers - Normes IFRS - Exercice 2024,https://www.brvm.org/sites/default/files/20250613_-_etats_financiers_-_normes_ifrs_-_exercice_2024_-_tractafric_motors_ci.pdf,1865531.0,2177264.0,74451535.0,11247345.0,43751550.0,32504205.0,38519206.0,32496205.0,0.0250569850574605,0.0292440444646305,0.1935802627197796,0.0497642712086771,2.8899446936143596,0.2570730636971718,1.1853447502562222,https://www.brvm.org/fr/rapports-societe-cotes/tractafric-ci,verified_like,passes_rule_checks
UNILEVER CI,2021,2022.0,2022-05-20,ok,,,8,UNILEVER CI : Etats financiers Exercice 2021,https://www.brvm.org/sites/default/files/20220520_-_etats_financiers_exercice_2021_-_unilever_ci.pdf,-7805437499.0,6090755732.0,46059378554.0,1699751652.0,33741685083.0,32041933431.0,24930646002.0,32041933415.0,-0.1694646724303695,0.132237036695126,3.5833209662325425,0.1805113086977595,18.85095001572618,0.0503754227987973,0.7780630987245312,https://www.brvm.org/fr/rapports-societe-cotes/unilever-ci,verified_like,passes_rule_checks
UNIWAX CI,2020,2021.0,2021-05-04,ok,,,8,UNIWAX CÔTE D'IVOIRE : Etats Financiers - Exercice 2020,https://www.brvm.org/sites/default/files/20210504_-_etats_financiers_-_exercice_2020_-_uniwax_ci.pdf,675545879.0,369763628.0,34916710441.0,4187244062.0,42173032621.0,37985788559.0,16690950631.0,5281426728.0,0.0193473517541548,0.010589875831081,0.0883071592018416,0.0087677742154088,9.071787552038804,0.0992872412005526,3.1603109331255688,https://www.brvm.org/fr/rapports-societe-cotes/uniwax-ci,verified_like,passes_rule_checks
