emetteur,fiscal_year,report_year,publication_date,status,resultat_operationnel,resultat_net,chiffre_affaires,capitaux_propres,total_actif,dettes_totales,actifs_courants,passifs_courants,marge_operationnelle,marge_nette,roe,roa,ratio_endettement,autonomie_financiere,ratio_liquidite_generale
AIR LIQUIDE CI,2011,2011,,ok,733925298.0,512437278.0,4962842544.0,2269998541.0,5964304987.0,3694306446.0,2968195220.0,2881937332.0,0.14788405868070595,0.1032547926831829,0.22574343936549693,0.08591734981979049,1.6274488195805408,0.38059732792802603,1.0299305217508457
AIR LIQUIDE CI,2012,2012,,ok,1298490585.0,971482821.0,6812143516.0,1070905136.0,6330511167.0,5259606031.0,6436914393.0,4585606716.0,0.1906140970092856,0.14261044540800305,0.9071604835407195,0.15346040712544565,4.911365025893386,0.16916566573367203,1.403721424809602
AIR LIQUIDE CI,2013,2013,,ok,,946913703.0,8000160205.0,4970802209.0,11995491454.0,7024689245.0,10076457324.0,6026918017.0,,0.11836184260512568,0.19049514810417192,0.07893913364293578,1.4131902557461022,0.4143892084840295,1.6719088090426235
AIR LIQUIDE CI,2014,2014,,ok,,840671395.0,8058890382.0,5200093604.0,11120168454.0,5920074850.0,3108064755.0,5250595449.0,,0.10431602306909254,0.1616646658731953,0.07559880036687797,1.1384554396186597,0.4676272329426351,0.5919451965380318
AIR LIQUIDE CI,2016,2016,,ok,-121898110.0,69103740.0,7587239092.0,8037234963.0,16984520333.0,8947285370.0,13050283270.0,7408409436.0,-0.01606620122575676,0.009107890124731026,0.00859794945875343,0.004068630649859166,1.1132292898228662,0.47320941689381063,1.7615499497887093
AIR LIQUIDE CI,2017,2017,,ok,-974423080.0,-990908826.0,7530357170.0,6263646370.0,18479955915.0,12216309545.0,11802659674.0,8947592801.0,-0.12939931772187108,-0.13158855597814892,-0.15819999525292486,-0.05362073538258222,1.9503510931764176,0.33894271170397433,1.3190877073307261
AIR LIQUIDE CI,2018,2018,,ok,,-81836547.0,7446826835.0,6014113974.0,16167773415.0,10153659441.0,11088116363.0,629841539.0,,-0.01098945212682658,-0.013607415382181449,-0.00506170793586669,1.6883051243950369,0.37198158457739616,17.604612710372535
AIR LIQUIDE CI,2019,2019,,ok,,-26523307.0,7170432956.0,5091362263.0,11325982468.0,6234620205.0,10316827179.0,1414154349.0,,-0.0036989826364398405,-0.0052094715775285625,-0.0023418107060414355,1.2245485359209844,0.4495294141046873,7.295403918458692
BANK OF AFRICA BF,2020,2020,,ok,,,,,,,25160448690.0,,,,,,,,
BANK OF AFRICA BF,2021,2021,,ok,,,,,,,29273485678.0,,,,,,,,
BANK OF AFRICA BF,2022,2022,,ok,,,,,,,19025636976.0,,,,,,,,
BANK OF AFRICA BF,2023,2023,,ok,,,,,,,60859489249.0,,,,,,,,
BANK OF AFRICA BF,2024,2024,,ok,,,,,,,14638108510.0,,,,,,,,
BANK OF AFRICA BF,2025,2025,,ok,25697260383.0,22419223685.0,,,,,,,,,,,,,
BANK OF AFRICA BN,2012,2012,,ok,,,,,,,56772299476.0,,,,,,,,
BANK OF AFRICA BN,2013,2013,,ok,,,,,,,80077472496.0,,,,,,,,
BANK OF AFRICA BN,2015,2015,,ok,,,,,,,112552034891.0,,,,,,,,
BANK OF AFRICA BN,2017,2017,,ok,,,,,,,60262262966.0,,,,,,,,
BANK OF AFRICA BN,2018,2018,,ok,,,,,,,42466065915.0,,,,,,,,
BANK OF AFRICA BN,2020,2020,,parsed_but_empty,,,,,,,,,,,,,,,
BANK OF AFRICA BN,2021,2021,,ok,,,,,,,3.054045761227541e+21,,,,,,,,
BANK OF AFRICA BN,2022,2022,,ok,,,,,,,27541120277.0,,,,,,,,
BANK OF AFRICA BN,2023,2023,,ok,,,,,,,1.1786412898139641e+21,,,,,,,,
BANK OF AFRICA BN,2024,2024,,ok,,,,,,,13964053208.0,,,,,,,,
BANK OF AFRICA BN,2025,2025,,ok,,,,,,,12623737146.0,,,,,,,,
BANK OF AFRICA CI,2015,2015,,ok,,,,,,,53071.0,,,,,,,,
BANK OF AFRICA CI,2017,2017,,ok,,,,,,,46454.0,,,,,,,,
BANK OF AFRICA CI,2018,2018,,parsed_but_empty,,,,,,,,,,,,,,,
BANK OF AFRICA CI,2019,2019,,ok,,,,,,,28879.0,,,,,,,,
BANK OF AFRICA CI,2020,2020,,ok,,,,,,,16717.0,,,,,,,,
BANK OF AFRICA CI,2021,2021,,ok,,,,,,,101496.0,,,,,,,,
BANK OF AFRICA CI,2022,2022,,ok,,,,,,,80992.0,,,,,,,,
BANK OF AFRICA CI,2023,2023,,ok,,,,81726.0,,,48364.0,,,,,,,,
BANK OF AFRICA CI,2024,2024,,ok,,,,95800.0,,,37416.0,,,,,,,,
BANK OF AFRICA ML,2019,2019,,ok,,,,87800094.0,,,12900514764.0,,,,,,,,
BANK OF AFRICA ML,2020,2020,,ok,,,,,,,8265839309.0,,,,,,,,
BANK OF AFRICA ML,2021,2021,,ok,,,,,,,20910556581.0,,,,,,,,
BANK OF AFRICA ML,2022,2022,,ok,,,,,,,10134938935.0,,,,,,,,
BANK OF AFRICA ML,2023,2023,,ok,,,,,,,15691636772.0,,,,,,,,
BANK OF AFRICA ML,2024,2024,,ok,,,,,,,7189556291.0,,,,,,,,
BANK OF AFRICA ML,2025,2025,,ok,,,,,,,7191947436.0,,,,,,,,
BANK OF AFRICA SN,2018,2018,,ok,,,,,,,17410697061.0,,,,,,,,
BERNABE CI,2019,2019,,ok,944286.0,423125.0,41285545.0,18690.0,20101143.0,20082453.0,34316655.0,16579444.0,0.022872073022167927,0.010248744445543833,22.639111824505083,0.021049798013973633,1074.5025682182986,0.0009297978726881352,2.069831473238789
BERNABE CI,2020,2020,,ok,1527.0,630.0,39472.0,15414.0,48231.0,32817.0,0.0,14305.0,0.03868565058775841,0.015960680989055533,0.04087193460490463,0.013062138458667662,2.1290385363954845,0.3195869876220688,0.0
BERNABE CI,2021,2021,,ok,2656681.0,1598214.0,44428368.0,8922.0,27842423.0,27833501.0,36253828.0,17355320.0,0.05979695225356916,0.03597282709101536,179.1318090114324,0.05740211618794815,3119.6481730553687,0.00032044624851795405,2.0889172887621776
BERNABE CI,2022,2022,,ok,3017.0,1809.0,2022.0,0.0,20027.0,20027.0,43566.0,17779.0,1.4920870425321464,0.8946587537091988,,0.09032805712288411,,0.0,2.4504190336914338
BERNABE CI,2024,2024,,ok,1570524418.0,7313440.0,81837965.0,2974139.0,17424063434.0,17421089295.0,44627418469.0,15788781320.0,19.190658247672705,0.08936488095714501,2.4590108263265438,0.00041973217256137315,5857.523570687181,0.00017069146994704403,2.826527112163461
BICI CI,2019,2019,,ok,11740.0,9793.0,,65092.0,,,2115.0,,,,0.15044859583358938,,,,
BICI CI,2020,2020,,ok,4664.0,4672.0,,62819.0,,,6990.0,,,,0.07437240325379264,,,,
BICI CI,2022,2022,,ok,11036.0,9603.0,,71522.0,847724.0,776202.0,6840.0,,,,0.13426637957551524,0.011327979389518286,10.852632756354689,0.08436944099730573,
BICI CI,2023,2023,,ok,14004.0,12391.0,,74313.0,926252.0,851939.0,6872.0,,,,0.16674067794329392,0.013377568955316695,11.464198727006043,0.08022978627846418,
BICI CI,2024,2024,,ok,15540.0,16694.0,,83574.0,920563.0,836989.0,10163.0,,,,0.19975111876899515,0.018134554614947593,10.01494483930409,0.09078574741761292,
BICI CI,2025,2025,,ok,28769.0,26226.0,,99783.0,,,44542.0,,,,0.2628303418417967,,,,
BOLLORE TRANSPORT LOGISTICS,2018,2018,,ok,3835243.0,10408503.0,89298914.0,822152.0,94882635.0,94060483.0,89199939.0,85042835.0,0.042948372250081336,0.11655800203796432,12.660071373663264,0.10969871357387999,114.40765576195156,0.008664936423825076,1.0488824719919085
BOLLORE TRANSPORT LOGISTICS,2019,2019,,ok,4093959.0,938277610408503.0,88182968.0,-10070531.0,81881714.0,91952245.0,84508750.0,-2463033.0,0.04642573382197796,10640122.822907288,-93170619.34554425,11458939.54306456,-9.130823886049306,-0.1229887664540095,-34.310847641911415
BOLLORE TRANSPORT LOGISTICS,2021,2021,,ok,,1394234213454872.0,8724886.0,-5443530.0,170881121.0,176324651.0,2888672.0,8849506.0,,159799705.51533532,-256126853.98167586,8159088.641833477,-32.39160085459252,-0.031855654785878894,0.3264218364279317
BOLLORE TRANSPORT LOGISTICS,2022,2022,,ok,722915.0,10044129.0,86997124.0,-7076589.0,92924206.0,100000795.0,45670.0,6910392.0,0.008309642511860508,0.11545357522393498,-1.4193461002186223,0.10808947885979246,-14.131214205035787,-0.07615441987204066,0.006608887021170434
BOLLORE TRANSPORT LOGISTICS,2023,2023,,ok,547366.0,17138527.0,82623385.0,712820.0,96698627.0,95985807.0,114812236.0,-1552125.0,0.006624831456614856,0.20742949468845898,24.043274599478128,0.17723650822880868,134.65644482478044,0.007371562783409531,-73.97099846983974
CIE CI,2018,2018,,ok,6976049.0,4929701.0,587236382.0,-1988000.0,928358908.0,896206733.0,818799029.0,685858075.0,0.011879456406023562,0.008394747245071065,-2.4797288732394365,0.005310124088344505,-450.8082157947686,-0.002141413178533318,1.1938315795144645
CIE CI,2020,2020,,ok,22875.0,17183.0,,0.0,1254783.0,42.0,15061.0,24.0,,,,0.013694001273526976,,0.0,627.5416666666666
CIE CI,2021,2021,,ok,16805.0,10511.0,,0.0,558201.0,50010.0,2007.0,2154.0,,,,0.018830134664753376,,0.0,0.9317548746518106
CIE CI,2022,2022,,ok,17172.0,109611.0,,38284.0,524294.0,453444.0,2330.0,409011.0,,,2.863102079197576,0.20906399844362133,11.844216905234562,0.07302009940987308,0.00569666830476442
CROWN SIEM CI,2018,2018,,ok,336187242.0,-74527864.0,14549587328.0,-473564480.0,20201694.0,616222.0,12200446.0,0.0,0.023106307720015082,-0.005122335247033063,0.15737638093127254,-3.689188837332156,-0.0013012420188270877,-23.441820275071983,
CROWN SIEM CI,2019,2019,,ok,1021450951.0,690339770.0,18685566239.0,2579559770.0,18107897642.0,15528337872.0,14350869660.0,,0.054665239358283706,0.036945081629859405,0.26761921860798754,0.03812368413209965,6.0197627721570495,0.14245495645043255,
CROWN SIEM CI,2020,2020,,ok,1127530810.0,736547004.0,19629605607.0,6228056683.0,18119926284.0,11351664351.0,13717453375.0,10387927968.0,0.057440319106458144,0.03752225178367029,0.11826273290197671,0.04064845477050176,1.82266554862696,0.34371313577028234,1.3205187230077644
CROWN SIEM CI,2021,2021,,ok,2822883834.0,2383609190.0,23056648977.0,5795669420.0,34167069773.0,28371400353.0,18622332953.0,13703831985.0,0.12243252854375969,0.10338055596794456,0.41127418029995233,0.06976334833031571,4.895275816645871,0.16962734757488446,1.3589142783845944
CROWN SIEM CI,2022,2022,,ok,3260942191.0,3857786280.0,29602761049.0,12037064890.0,32641610848.0,19772522423.0,28163239833.0,19772522423.0,0.11015669064119804,0.1303184616331698,0.3204922724313734,0.11818614889946133,1.6426365234124778,0.36876442605887905,1.424362518372449
CROWN SIEM CI,2023,2023,,ok,1460428832.0,1012055129.0,27874878137.0,13049120019.0,30745259764.0,16741603893.0,26600691927.0,16741603893.0,0.05239229476886879,0.03630706918343935,0.07755734697254761,0.03291743627370577,1.2829680368196175,0.42442705376909434,1.588897461498434
FILTISAC CI,2018,2018,,ok,2260417.0,1682581.0,43898979.0,2482295.0,56064645.0,29438769.0,36832706.0,25173487.0,0.051491334228980584,0.038328476842251845,0.6778328119744027,0.03001144482409547,11.859496554599675,0.04427558579921446,1.4631547071726694
FILTISAC CI,2019,2019,,ok,2192357.0,1855141.0,40436698.0,1683029.0,51051574.0,24253586.0,31622760.0,20509226.0,0.054217013466331995,0.04587765796307107,1.102263240859189,0.03633856617231821,14.410676227207018,0.03296723035415128,1.541879737441091
FILTISAC CI,2020,2020,,ok,30688.0,3551668.0,39020184.0,1882970.0,53788997.0,25322311.0,35010903.0,21546060.0,0.000786464769105138,0.09102130323116878,1.886205303324004,0.0660296379945512,13.448069273541268,0.0350066018148656,1.6249329575801794
FILTISAC CI,2021,2021,,ok,1048574.0,1276336.0,41473743.0,32271934.0,53741474.0,5080560.0,34869938.0,,0.02528283979577151,0.03077455536144881,0.03954941157229684,0.023749553277976707,0.15742967248259743,0.6005033282116528,
FILTISAC CI,2022,2022,,ok,203064.0,153483.0,45464126.0,29719262.0,60742819.0,31023557.0,36634076.0,25908048.0,0.00446646659390307,0.0033759144517591737,0.005164428376451609,0.0025267678143156315,1.043887193430308,0.48926379264683123,1.4140037103528602
FILTISAC CI,2023,2023,,ok,1601400.0,3075971.0,38214973.0,31.0,50701178.0,23797254.0,33335463.0,19595550.0,0.041905040728407686,0.08049125142650237,99224.87096774194,0.060668629829468655,767653.3548387097,6.11425635909288e-07,1.7011751647695523
FILTISAC CI,2024,2024,,ok,882181.0,18595275.0,30694517.0,27426156722.0,27443764313.0,17607591.0,53014429.0,14076147.0,0.028740670524315465,0.6058174819952371,0.0006780124239968237,0.0006775774193335239,0.0006419999410955017,0.9993584119583894,3.7662599715675036
MOVIS CI,2018,2018,,ok,82.0,170.0,,2758.0,30007.0,27249.0,15433.0,24666.0,,,0.06163886874546773,0.005665344752890992,9.879985496736765,0.09191188722631385,0.6256790724073623
MOVIS CI,2019,2019,,ok,4968.0,4496.0,,3327.0,28887.0,25560.0,10928.0,16812.0,,,1.3513675984370304,0.15564094575414547,7.682596934174932,0.11517291515214456,0.6500118962645729
NESTLE CI,2019,2019,,parsed_but_empty,,,,,,,,,,,,,,,
NESTLE CI,2020,2020,,ok,27076473678.0,20899537493.0,173224766894.0,1043156491.0,62617078194.0,61573921703.0,53398162616.0,45150107155.0,0.1563083279804249,0.1206498231617704,20.034901448933226,0.33376736979405414,59.02654322169194,0.01665929680985907,1.182680750517036
NESTLE CI,2021,2021,,parsed_but_empty,,,,,,,,,,,,,,,
NESTLE CI,2022,2022,,ok,,,0.0,,,,,,,,,,,,
NESTLE CI,2023,2023,,ok,,,0.0,,,,,,,,,,,,
NESTLE CI,2024,2024,,parsed_but_empty,,,,,,,,,,,,,,,
NSBC,2018,2018,,ok,13117.0,10015.0,,76368462827.0,,,26627.0,,,,1.311405209593823e-07,,,,
PALM CI,2019,2019,,ok,-3978947043.0,-5562420807.0,104587934779.0,65679615745.0,126600342382.0,60920726637.0,35027351101.0,26834166040.0,-0.038044034920545394,-0.053184153781731115,-0.08469021543298921,-0.04393685437450178,0.9275438954077273,0.5187949298495602,1.3053266141674362
PALM CI,2020,2020,,ok,5512352378.0,3521647345.0,119759702243.0,69201263090.0,138598826714.0,69397563624.0,30863321421.0,23476478355.0,0.046028440909239146,0.029405946065683725,0.05088992870577964,0.025408926096228454,1.0028366611422208,0.4992918391206692,1.3146486859868722
PALM CI,2021,2021,,ok,56689991420.0,42473119895.0,195659428255.0,109913559311.0,167045712552.0,57132153241.0,62919277888.0,37448887226.0,0.2897381021992806,0.21707678630055802,0.3864229323592594,0.2542604610805468,0.5197916762875887,0.6579849170135676,1.6801374499671762
PALM CI,2022,2022,,ok,56649930999.0,41693172115.0,232712921927.0,130370171479.0,214327417788.0,83957246309.0,89609941187.0,70900106621.0,0.24343268319569544,0.17916139666743036,0.31980606945597156,0.1945302777652107,0.6439912240394945,0.6082757531654418,1.2638900765835845
PALM CI,2024,2024,,ok,19393765.0,15861643.0,172182502.0,135061151.0,202603319.0,60092981.0,93705506.0,41473506.0,0.11263493545935348,0.0921211087988488,0.11744045480554212,0.07828915675364627,0.44493165173751553,0.6666285215199264,2.259406426840306
PALM CI,2025,2025,,ok,18163004.0,15508655.0,197629996.0,142638984.0,199116293.0,42430129.0,86256798.0,41633570.0,0.09190408524827375,0.07847318379746362,0.1087266227302909,0.07788742330593709,0.29746516562400643,0.7163601825391557,2.0718088311907916
SAFCA CI,2019,2019,,ok,86.0,67.0,,0.0,63371.0,63371.0,2375.0,,,,,0.0010572659418345931,,0.0,
SAFCA CI,2020,2020,,ok,1.403,1.64,,0.0,66.533,66.533,12.162,,,,,0.02464942209129304,,0.0,
SAFCA CI,2021,2021,,ok,550.0,603.0,,0.0,64690.0,64690.0,9015.0,,,,,0.009321378883907869,,0.0,
SAPH CI,2021,2021,,ok,27558059338.0,20750470464.0,208794460641.0,8649304155.0,168289440330.0,64471029816.0,72767075511.0,22857875907.0,0.1319865443431623,0.09938228437811979,2.399091313259523,0.12330227269940557,7.453897869776092,0.05139540625983137,3.183457457161004
SAPH CI,2022,2022,,ok,26283237143.0,16700611131.0,224421228771.0,8649304155.0,183889630318.0,73747158703.0,71580787750.0,31646046844.0,0.11711564581895896,0.07441636079820839,1.930861816363076,0.09081866716529727,8.526368986615894,0.0470353012295624,2.261918782553136
SAPH CI,2023,2023,,ok,7351109818.0,3635138559.0,206469431933.0,8649304155.0,204450597086.0,195801292931.0,73254801209.0,32424987855.0,0.03560386517838369,0.01760618278922574,0.4202810415562268,0.01778003395837928,22.637808709479938,0.04230510587045026,2.259208285183797
SAPH CI,2024,2024,,ok,29445590532.0,18790217905.0,279437727425.0,8649304155.0,230857468705.0,222208164550.0,99086053335.0,32917169803.0,0.10537442743805266,0.06724295276142775,2.1724542886074514,0.08139315574412272,25.690871839851493,0.03746599234375418,3.0101632044310658
SAPH CI,2025,2025,,ok,38134121165.0,24972070150.0,340830548704.0,8649304155.0,225842735644.0,87905827250.0,1016146221799.0,36225398864.0,0.11188586618777009,0.07326828608807426,2.8871767835293567,0.11057282882617897,10.163340966473388,0.03829790730410765,28.05065654663705
SERVAIR ABIDJAN CI,2022,2022,,ok,904931750.0,1268616196.0,10804244269.0,4569435992.0,10181992141.0,5612556149.0,3788557323.0,5051158777.0,0.0837570613426863,0.11741831861761659,0.2776308056882833,0.12459410481094772,1.2282820371761978,0.44877622460541633,0.7500372667457726
SERVAIR ABIDJAN CI,2023,2023,,ok,0.0,0.0,0.0,0.0,3.0,0.0,0.0,0.0,,,,0.0,,0.0,
SERVAIR ABIDJAN CI,2024,2024,,ok,,0.0,0.0,0.0,0.0,0.0,0.0,0.0,,,,,,,
SERVAIR ABIDJAN CI,2025,2025,,ok,,1350660521.0,13298319225.0,13303123200.0,17370701747.0,4067578547.0,3883484104.0,3626035045.0,,0.10156625797197315,0.10152958073785259,0.07775509249263722,0.30576117245911094,0.7658368322567919,1.0710001574185006
SETAO CI,2019,2019,,ok,978905.0,865967.0,,525364.0,20644914.0,20119550.0,4596930.0,10059775.0,,,1.6483181184854692,0.04194577899428402,38.296400210140014,0.025447623564816012,0.4569615125586805
SETAO CI,2020,2020,,ok,3108191.0,2320633.0,,2845997.0,18586404.0,15370669.0,12503038.0,14615490.0,,,0.8154024758283301,0.12485648111382923,5.400802952357293,0.15312251901981686,0.855464852700799
SETAO CI,2021,2021,,ok,1286674.0,1119448.0,,2977605.0,16260295.0,13282535.0,7291396.0,12769570.0,,,0.3759558437066031,0.06884549142558606,4.460811625450656,0.18312121643549517,0.5709977704809167
SETAO CI,2022,2022,,ok,-106831.0,-70544.0,,1919221.0,15068264.0,13149043.0,8150698.0,12729020.0,,,-0.03675657988319219,-0.004681627558423452,6.851239643584559,0.1273684214717767,0.640324078365813
SETAO CI,2023,2023,,ok,-1136144.0,-1117719.0,,801502.0,11329611.0,10418043.0,6577469.0,9153452.0,,,-1.39453051895067,-0.09865466696076326,12.99814972389339,0.07074399994845366,0.7185779747356517
SGCI,2019,2019,,ok,60262.0,50253.0,,211053.0,,,18984.0,,,,0.2381060681440207,,,,
SGCI,2021,2021,,ok,80504.0,67438.0,,304993.0,,,44234.0,,,,0.2211132714521317,,,,
SICABLE,2019,2019,,ok,884361856.0,637951839.0,15199536904.0,493333333.0,13994028124.0,5844471456.0,7962647196.0,5844471456.0,0.05818347371933852,0.041971794471719254,1.2931456204683416,0.04558743439323961,11.846901608004663,0.03525313288129847,1.3624238318121062
SICABLE,2020,2020,,ok,1662125484.0,1166658052.0,18897903618.0,493333333.0,7142120534.0,6648787201.0,1704773423.0,4176254506.0,0.08795290300966757,0.06173478686221967,2.3648474043005727,0.1633489726820116,13.477271362484643,0.06907378987115817,0.4082063055665698
SICABLE,2021,2021,,ok,628129534.0,40094693.0,19036863791.0,2472532695.0,9349424605.0,6876891910.0,1704773423.0,3438445955.0,0.032995431437449214,0.0021061606281469244,0.01621604158403252,0.004288466370278837,2.781314853351211,0.2644582741142924,0.49579764966816237
SICABLE,2024,2024,,ok,1784869818.0,1224827540.0,19125318524.0,523446400.0,12140294417.0,11616848017.0,1397545576.0,7829917711.0,0.09332497211799116,0.06404220345208825,2.339929245859748,0.10088944286926678,22.193003938894222,0.04311645022933055,0.17848790084174615
SICABLE,2025,2025,,ok,2088527.0,1439474.0,21263067.0,453886.0,23609026.0,3818598.0,759229.0,3400997.0,0.0982232243354169,0.06769832404704364,3.1714439308548843,0.060971342062141824,8.413121356463957,0.01922510483914076,0.223237186036918
SITAB,2020,2020,,ok,4638985646.0,8542921197.0,,-18464090.0,28206327257.0,12104439090.0,8542921197.0,12097539090.0,,,-462.6776189349164,0.30287251222613154,-655.5665126199017,-0.000654608089588046,0.7061701667954685
SITAB,2021,2021,,ok,,3642418476.0,,0.0,37826007574.0,55958817.0,0.0,,,,,0.09629402386371975,,0.0,
SITAB,2022,2022,,ok,13743664099.0,11331559237.0,358571540404.0,10333713077.0,152322956329.0,141989243252.0,110942778161.0,120579072944.0,0.03832893174822272,0.031601948175342676,1.096562208817364,0.0743916708951285,13.740389557363361,0.06784081221927162,0.9200831906588356
SITAB,2023,2023,,ok,16258209527.0,12399004223.0,,-10773000000.0,35417065559.0,13660652933.0,12399004223.0,13652702933.0,,,-1.150933279773508,0.35008558804356477,-1.2680453850366658,-0.3041753976498604,0.9081721241462245
SITAB,2024,2024,,ok,55005589361.0,44730358142.0,,-13466250000.0,122824248415.0,136290498415.0,218495.0,41289384604.0,,,-3.3216640224264364,0.36418181848639974,-10.120894711965098,-0.10963836680278374,5.2917959929786125e-06
SMB,2019,2019,,ok,950.0,58.0,116253134198.0,10743.0,97322.0,86465.0,59029.0,75200.0,8.17182269152399e-09,4.989112801140962e-10,0.0053988643768035,0.0005959598035387683,8.048496695522665,0.11038614085201702,0.7849601063829788
SMB,2020,2020,,ok,14102.0,9396.0,102670.0,20139.0,80095.0,59956.0,42964.0,51307.0,0.13735268335443654,0.09151650920424662,0.46655742589006405,0.1173106935514077,2.9771090918119074,0.2514389162869093,0.8373906094684935
SMB,2021,2021,,ok,13649.0,8623.0,139353.0,21747.0,107351.0,82532.0,85849.0,78467.0,0.09794550529949123,0.061878825715987455,0.3965144617648411,0.08032528807370215,3.795098174460845,0.20257845758306864,1.0940777651751692
SMB,2022,2022,,ok,1380.0,9421.0,276854.0,24932.0,164780.0,136985.0,12086.0,108494.0,0.004984576708301126,0.03402876606442385,0.3778678004171346,0.057173200631144554,5.494344617359217,0.15130476999635878,0.11139786531974119
SMB,2023,2023,,ok,28583.0,17755.0,247646.0,35951.0,183993.0,144521.0,155055.0,124945.0,0.11541878326320636,0.07169508088158097,0.4938666518316598,0.09649823634594794,4.019943812411338,0.19539330300609262,1.2409860338548961
SMB,2024,2024,,ok,17086.0,8698.0,229061.0,35294.0,163113.0,120211.0,134430.0,117820.0,0.07459148436442695,0.03797241782756558,0.24644415481384938,0.053324995555228585,3.4059896866322887,0.21637760325663805,1.1409777626888473
SODECI,2020,2020,,ok,6372159.0,4307472.0,127480235.0,1276856.0,271676820.0,255492875.0,231248219.0,148077848.0,0.04998546637445405,0.033789332126662616,3.373498656073982,0.015855132579952903,200.09529265633714,0.004699907780133764,1.5616665296216352
SODECI,2021,2021,,ok,6.699,5.184,,23.956,303.628,31.243,225.0,26.927,,,0.21639672733344467,0.017073524180905582,1.3041826682250792,0.07889917925882989,8.35592527945928
SODECI,2022,2022,,ok,8.31,5.375,,25.045,303.628,217.925,338.0,17.925,,,0.2146136953483729,0.01770258342445361,8.701337592333799,0.08248580499822152,18.85634588563459
SOGB,2020,2020,,ok,11218699.0,7652581.0,,3024258.0,11608629.0,8584371.0,24306540.0,,,,2.530399522792037,0.6592148823086689,2.8385048497846412,0.2605181025252853,
SOGB,2021,2021,,ok,20581153.0,14728280.0,,51502356.0,65546085.0,14043729.0,30614612.0,7926984.0,,,0.2859729368497239,0.22470113966379532,0.272681292483008,0.7857426725028658,3.8620756645907197
SOGB,2022,2022,,ok,21852242.0,15652983.0,,13004308.0,19385799.0,6381491.0,26983990.0,2749889.0,,,1.2036767354325966,0.807445852502649,0.4907213055858105,0.6708161990124833,9.812756078518078
SOGB,2023,2023,,ok,7678013.0,5270303.0,,13393141.0,19326183.0,5933042.0,23522774.0,730690.0,,,0.3935076170705587,0.2727027370070955,0.4429910802850504,0.6930049767199244,32.19254950799929
SOGB,2024,2024,,ok,18383382.0,13110790.0,,4968423.0,5632091.0,663668.0,25682184.0,654345.0,,,2.63882322419005,2.3278725432525857,0.1335771934072441,0.8821631255602936,39.24868991128533
SOGB,2025,2025,,ok,17061019.0,12492623.0,,-12898314.0,-12189454.0,708860.0,23060273.0,699537.0,,,-0.9685469744340229,-1.024871417538472,-0.05495757042354528,1.0581535481408766,32.965051169559295
SOLIBRA,2019,2019,,ok,17267.0,13095.0,225004.0,109255.0,275982.0,166726.0,99795.0,58541.0,0.07674085794030329,0.05819896535172708,0.11985721477277927,0.0474487466573907,1.526026268820649,0.3958772673580161,1.7047026870056883
SOLIBRA,2020,2020,,ok,27415.0,17520.0,229359.0,126775.0,294111.0,167296.0,103170.0,61100.0,0.11952877366922597,0.07638679973316939,0.13819759416288702,0.05956934626722564,1.3196292644448826,0.4310447416111604,1.688543371522095
SOLIBRA,2021,2021,,ok,35605.0,22020.0,299269.0,144022.0,316350.0,172327.0,124879.0,65362.0,0.11897323144061028,0.07357928819891135,0.1528933079668384,0.06960644855381698,1.1965324742053298,0.45526157736684053,1.9105749518068602
SOLIBRA,2022,2022,,ok,7112.0,1217.0,281880.0,137832.0,334102.0,196052.0,140452.0,63103.0,0.025230594579253585,0.004317440045409394,0.008829589645365373,0.003642600164021766,1.422398281966452,0.4125446719863994,2.225757887897564
SOLIBRA,2023,2023,,ok,16807.0,15078.0,311395.0,152909.0,327698.0,174674.0,149997.0,49868.0,0.05397324940991345,0.04842081600539508,0.09860766861335828,0.046011876788994745,1.1423395614385026,0.466615603390927,3.0078808053260606
SOLIBRA,2024,2024,,ok,34735.0,21472.0,309722.0,169443.0,307546.0,138101.0,136455.0,60888.0,0.1121489593893879,0.06932668651242081,0.12672108024527423,0.06981719807768594,0.8150292428722343,0.5509517275464484,2.2410819865983447
SUCRIVOIRE,2019,2019,,ok,1134469638.0,5339115749.0,,42109477925.0,63207143620.0,21097665695.0,2367727964.0,7951945031.0,,,0.12679130713777426,0.08447013174806078,0.5010194078534161,0.6662139042093294,0.29775456882179246
SUCRIVOIRE,2020,2020,,ok,4403668971.0,1788178233.0,1166622915.0,43897656158.0,94559887990.0,43634235082.0,45275472974.0,32615266469.0,3.77471496091777,1.5327816812170194,0.04073516423209121,0.01891053670864231,0.9939991995232759,0.4642312622307919,1.3881681149848404
SUCRIVOIRE,2021,2021,,ok,2715412080.0,6572600809.0,,36443055349.0,107246529979.0,37847525734.0,39919102864.0,26401282847.0,,,0.18035262812233863,0.06128497407130081,1.038538766070791,0.33980638213782705,1.5120137568821221
SUCRIVOIRE,2022,2022,,ok,4860967440.0,8755668861.0,68635110937.0,27687386488.0,124042067779.0,96354681291.0,42276878390.0,37333577041.0,0.0708233347865041,0.1275683646674194,0.31623312893020067,0.07058628590906409,3.4800930500522727,0.22320964962732912,1.1324089932119612
SUCRIVOIRE,2023,2023,,ok,4911844712.0,10324162375.0,68134693800.0,17363224113.0,97948419482.0,80585195369.0,35788611960.0,44708567342.0,0.07209021480918433,0.1515257763585928,0.594599384757708,0.10540407318055064,4.641142384879151,0.17726905860069384,0.8004866648093096
SUCRIVOIRE,2024,2024,,ok,0.0,0.0,,0.0,0.0,0.0,0.0,,,,,,,,
TOTAL,2020,2020,,ok,7982.0,7648.0,416080.0,44637.0,128146.0,74658.0,58961.0,70337.0,0.019183810805614303,0.018381080561430493,0.17133767950355086,0.05968192530395018,1.6725586396935277,0.3483292494498463,0.8382643558866599
TOTAL,2021,2021,,ok,16088.0,11143.0,494433.0,48133.0,156297.0,103410.0,78353.0,91927.0,0.03253828122313843,0.0225369261355937,0.23150437329898407,0.07129375483854457,2.148422080485322,0.30795856606332817,0.8523393562283116
TOTAL,2022,2022,,ok,16509.0,12279.0,573130.0,11143.0,159651.0,110381.0,85786.0,93336.0,0.02880498316263326,0.021424458674297278,1.101947410930629,0.07691151323825093,9.905860181279728,0.06979599250865952,0.9191094540155995
TOTAL,2023,2023,,ok,12087.0,8709.0,578922.0,45699.0,167625.0,119641.0,93726.0,103635.0,0.020878460310715434,0.015043477359644305,0.1905730978796035,0.051955257270693514,2.618022276198604,0.27262639821029083,0.9043855840208423
TOTAL,2024,2024,,ok,10491.0,9374.0,621042.0,41115.0,191526.0,147891.0,106956.0,125527.0,0.01689257731361164,0.0150939872021538,0.2279946491548097,0.04894374654093961,3.5970083910981394,0.21467059302653427,0.8520557330295474
TRACTAFRIC CI,2021,2021,,ok,,3067.0,65019.0,9837.0,37716.0,22570.0,27633.0,24218.0,,0.04717082698903397,0.3117820473721663,0.08131827341181462,2.294398698790282,0.2608176901049952,1.1410108183995376
TRACTAFRIC CI,2022,2022,,ok,,3644.0,70092.0,11480.0,52169.0,36183.0,36898.0,37527.0,,0.051988814700679106,0.31742160278745646,0.06984991086660661,3.151829268292683,0.22005405509018766,0.9832387347776268
TRACTAFRIC CI,2023,2023,,ok,,2084.0,77879.0,11015.0,51246.0,36905.0,0.0,34293.0,,0.02675946018824073,0.18919655015887427,0.04066658861179409,3.350431230140717,0.21494360535456425,0.0
UNIWAX CI,2019,2019,,ok,4318973894.0,1291581494.0,40166658390.0,18212347436.0,38293838977.0,16987417439.0,432992852.0,15074501853.0,0.10752634316912117,0.03215556249313375,0.07091790328175683,0.03372818000242149,0.9327417840393982,0.4755947150385909,0.028723526403881094
UNIWAX CI,2021,2021,,ok,1984939431.0,1400692889.0,38191193639.0,414479350.0,37292681535.0,14769302048.0,2926299973.0,13611744394.0,0.05197374687375636,0.03667580809963592,3.379403314061364,0.03755945754894077,35.63338450516292,0.011114227589426682,0.21498346488859288
VIVO ENERGY CI,2019,2019,,ok,8088398931.0,5465466175.0,3.5425245106134775e+23,0.0,9.638850234910013e+22,56207193609.0,6.526724452181045e+19,43668583053.0,2.283230195519322e-14,1.5428167564191438e-14,,5.6702470126625274e-14,,0.0,1494604128.6156785
VIVO ENERGY CI,2021,2021,,ok,4268901912.0,2359622661.0,366643579663.0,500376822.0,101262735128.0,67133730036.0,43810997944.0,48939413906.0,0.011643192868463034,0.0064357397534926,4.71569136949353,0.02330198426911288,134.16634641002616,0.0049413717826948325,0.8952088806815226
VIVO ENERGY CI,2022,2022,,ok,4363474241.0,3548638458.0,488901792280.0,3548638458.0,119461700193.0,96547661925.0,59723429880.0,79528604069.0,0.008925052658634938,0.007258387091302892,1.0,0.029705239857350837,27.206959251468497,0.029705239857350837,0.7509679137355814
VIVO ENERGY CI,2023,2023,,ok,-2878718772.0,-1795925285.0,550696009519.0,7161602748.0,169830273541.0,51074938024.0,49890581130.0,37465700672.0,-0.005227418979328338,-0.003261191753629436,-0.25077141921918844,-0.010574824190967532,7.131774802541728,0.042169176311613626,1.3316334736877278
