publication_status,core_metrics_present,missing_core_metrics,all_metrics_present,missing_all_metrics,has_all_core_metrics,has_all_metrics,balance_sheet_gap_pct,suspicious_flags,emetteur,fiscal_year,report_year,publication_date,status,status_reason,diagnostic,core_metrics_count,report_title,report_url,resultat_operationnel,resultat_net,chiffre_affaires,capitaux_propres,total_actif,dettes_totales,actifs_courants,passifs_courants,marge_operationnelle,marge_nette,roe,roa,ratio_endettement,autonomie_financiere,ratio_liquidite_generale,company_url,truth_status,truth_reason
review,5,3,9,6,False,False,0.0,,BANK OF AFRICA BF,2020,2021.0,2021-03-11,ok,,,5,BANK OF AFRICA BURKINA FASO : Etats financiers exercice 2020,https://www.brvm.org/sites/default/files/20210311_-_etats_financiers_exercice_2020_-_boa_bf.pdf,,17608.0,,84435.0,867213104267.0,867213019832.0,25160448690.0,,,,0.2085391129271037,2.0304121228521935e-08,10270776.571706044,9.736361176341717e-08,,https://www.brvm.org/fr/rapports-societe-cotes/bank-africa-bf,verified_like,passes_rule_checks
review,6,2,10,5,False,False,0.0,,BANK OF AFRICA SN,2025,2026.0,2026-03-17,ok,,,6,BOA SN : Etats financiers - Exercice 2025,https://www.brvm.org/sites/default/files/20260317_-_etats_financiers_-_exercice_2025_-_boa_sn.pdf,24723.0,21905.0,,88621.0,783173.0,694552.0,35262.0,,,,0.2471761772040487,0.0279695546194774,7.837329752541723,0.1131563524278799,,https://www.brvm.org/fr/rapports-societe-cotes/bank-africa-sn,verified_like,passes_rule_checks
review,8,0,15,0,True,True,0.0,extreme_roe,BERNABE CI,2021,2022.0,2022-05-03,ok,,,8,BERNABE CI : Etats financiers Exercice 2021,https://www.brvm.org/sites/default/files/20220503_-_etats_financiers_exercice_2021_-_bernabe_ci.pdf,2656681.0,1598214.0,44428368.0,8922.0,27842423.0,27833501.0,36253828.0,17355320.0,0.0597969522535691,0.0359728270910153,179.1318090114324,0.0574021161879481,3119.6481730553687,0.0003204462485179,2.0889172887621776,https://www.brvm.org/fr/rapports-societe-cotes/bernabe-ci,verified_like,passes_rule_checks
review,8,0,15,0,True,True,0.0,extreme_roe,BERNABE CI,2024,2025.0,2025-04-30,ok,,,8,BERNABE CÔTE D'IVOIRE : Etats financiers - Exercice 2024,https://www.brvm.org/sites/default/files/20250430_-_etats_financiers_-_exercice_2024_-_bernabe_ci.pdf,1193257549.0,7313440.0,45312422329.0,2974139.0,15923363159.0,15920389020.0,41860285515.0,14288081045.0,0.026334004841677,0.0001614003318317,2.459010826326544,0.0004592899079781,5352.940471175019,0.0001867783187698,2.9297346076888804,https://www.brvm.org/fr/rapports-societe-cotes/bernabe-ci,verified_like,passes_rule_checks
review,8,0,15,0,True,True,0.0,extreme_roe,BOLLORE TRANSPORT & LOGISTICS,2023,2024.0,2024-06-13,ok,,,8,AFRICA GLOBAL LOGISTICS CI (ex AFRICA GLOBAL LOGISTICS CI ) : Etats financiers - Exercice 2023,https://www.brvm.org/sites/default/files/20240613_-_etats_financiers_-_exercice_2023_-_africa_global_logistics_ci.pdf,547366.0,17138527.0,82623385.0,712820.0,96698627.0,95985807.0,114812236.0,-1552125.0,0.0066248314566148,0.2074294946884589,24.043274599478128,0.1772365082288086,134.65644482478044,0.0073715627834095,-73.97099846983974,https://www.brvm.org/fr/rapports-societe-cotes/bollore-transport-logistics,verified_like,passes_rule_checks
review,6,2,9,6,False,False,0.03137108841009201,,CIE CI,2020,2021.0,2021-06-04,ok,,,6,CIE CI : Etats financiers exercice 2020,https://www.brvm.org/sites/default/files/20210604_-_etats_financiers_exercice_2020_-_cie_ci.pdf,,,722628.0,5858.0,1237732.0,1193045.0,-856.0,1003709.0,,,,,203.660805735746,0.004732850083863,-0.0008528368282041,https://www.brvm.org/fr/rapports-societe-cotes/cie-ci,verified_like,passes_rule_checks
review,6,2,11,4,False,False,0.0,,ECOBANK CI,2021,2022.0,2022-03-17,ok,,,6,ECOBANK CI : États financiers exercice 2021,https://www.brvm.org/sites/default/files/20220317_-_etats_financiers_exercice_2021_-_ecobank_ci.pdf,,34304.0,90545.0,128527.0,1677707.0,1549180.0,31959.0,,,0.3788613396653598,0.2669011180530161,0.0204469552788418,12.053342877372067,0.0766087284609291,,https://www.brvm.org/fr/rapports-societe-cotes/ecobank-ci,verified_like,passes_rule_checks
review,6,2,11,4,False,False,0.0,,ECOBANK CI,2022,2023.0,2023-04-05,ok,,,6,ECOBANK CI : Etats financiers exercice 2022,https://www.brvm.org/sites/default/files/20230405_-_etats_financiers_exercice_2022_-_ecobank_ci.pdf,,44598.0,99155.0,144829.0,1901235.0,1756406.0,36336.0,,,0.449780646462609,0.3079355653909092,0.0234573842791659,12.127446851114073,0.0761762748950024,,https://www.brvm.org/fr/rapports-societe-cotes/ecobank-ci,verified_like,passes_rule_checks
review,7,1,13,2,False,False,0.3049596295032771,,FILTISAC CI,2021,2022.0,2022-05-06,ok,,,7,FILTISAC CI : Etats financiers Exercice 2021,https://www.brvm.org/sites/default/files/20220506_-_etats_financiers_exercice_2021_-_filtisac_ci.pdf,1048574.0,1276336.0,41473743.0,32271934.0,53741474.0,5080560.0,34869938.0,,0.0252828397957715,0.0307745553614488,0.0395494115722968,0.0237495532779767,0.1574296724825974,0.6005033282116528,,https://www.brvm.org/fr/rapports-societe-cotes/filtisac-ci,needs_review,balance_sheet_gap_gt_10pct
review,8,0,15,0,True,True,0.0,extreme_roe,NESTLE CI,2020,2021.0,2021-04-20,ok,,,8,NESTLE CÔTE D'IVOIRE : Etats Financiers - Exercice 2020,https://www.brvm.org/sites/default/files/20210420_-_etats_financiers_2020_-_nestle_ci.pdf,27076473678.0,20899537493.0,173224766894.0,1043156491.0,62617078194.0,61573921703.0,53398162616.0,45150107155.0,0.1563083279804249,0.1206498231617704,20.034901448933223,0.3337673697940541,59.02654322169194,0.016659296809859,1.182680750517036,https://www.brvm.org/fr/rapports-societe-cotes/nestle-ci,verified_like,passes_rule_checks
review,7,1,12,3,False,False,0.0,extreme_roe,NESTLE CI,2023,2024.0,2024-05-21,ok,,,7,NESTLE CI : Etats financiers - Exercice 2023,https://www.brvm.org/sites/default/files/20240521_-_etats_financiers_-_exercice_2023_-_nestle_ci.pdf,30164175277.0,16556698463.0,,5517600000.0,170579374762.0,165061774762.0,93269187627.0,59842981751.0,,,3.000706550492968,0.0970615497102193,29.91550216797158,0.0323462318213934,1.5585651800420428,https://www.brvm.org/fr/rapports-societe-cotes/nestle-ci,verified_like,passes_rule_checks
review,8,0,15,0,True,True,0.681657722343988,,ONATEL BF,2025,2026.0,2026-04-09,ok,,,8,ONATEL BURKIN FASO - Etats financiers - Exercice 2025,https://www.brvm.org/sites/default/files/20260409_-_etats_financiers_-_exercice_2025_-_onatel_bf.pdf,25665215120.0,15886921152.0,146176657128.0,57541603762.0,826786578374.0,205659518733.0,82298442903.0,147863552993.0,0.1755767003039766,0.1086830241171035,0.2760945144614059,0.0192152625206422,3.5741012639070004,0.0695966834333041,0.5565836965036007,https://www.brvm.org/fr/rapports-societe-cotes/onatel-bf,needs_review,balance_sheet_gap_gt_10pct
review,5,3,8,7,False,False,,,ORAGROUP,2022,2023.0,2023-04-26,ok,,,5,ORAGROUP TOGO : Etats financiers Exercice 2022,https://www.brvm.org/sites/default/files/20230426_-_etats_financiers_exercice_2022_-_oragroup_tg.pdf,24928.0,19199.0,222431.0,105279271414.0,,,225265.0,,0.1120707095683605,0.0863144076140466,1.8236258422136965e-07,,,,,https://www.brvm.org/fr/rapports-societe-cotes/oragroup,verified_like,passes_rule_checks
review,5,3,8,7,False,False,,,ORAGROUP,2023,2024.0,2024-04-29,ok,,,5,ORAGROUP TOGO : Etats financiers - Exercice 2023,https://www.brvm.org/sites/default/files/20240429_-_etats_financiers_-_exercice_2023_-_oragroup_togo.pdf,-32255.0,-18186.0,215280.0,109239219667.0,,,196553.0,,-0.1498281308063916,-0.0844760312151616,-1.6647866998169153e-07,,,,,https://www.brvm.org/fr/rapports-societe-cotes/oragroup,verified_like,passes_rule_checks
review,8,0,15,0,True,True,0.5184628277835239,,ORANGE CI,2022,2023.0,2023-02-14,ok,,,8,ORANGE CI : Etats financiers Consolidés exercice 2022,https://www.brvm.org/sites/default/files/20230214_-_etats_financiers_consolides_exercice_2022_-_orange_ci.pdf,260834.0,153485.0,965025.0,642547.0,2017757.0,329078.0,399056.0,329078.0,0.2702872982565218,0.1590476930649465,0.2388696857973035,0.0760671379160126,0.5121461931967622,0.318446175629672,1.2126486729589945,https://www.brvm.org/fr/rapports-societe-cotes/orange-ci,needs_review,balance_sheet_gap_gt_10pct
review,8,0,15,0,True,True,0.4438374546143357,,ORANGE CI,2023,2024.0,2024-02-21,ok,,,8,ORANGE CI : Etats financiers - Exercice 2023,https://www.brvm.org/sites/default/files/20240221_-_resultats_financiers_consolides_2023_-_orange_ci.pdf,258.0,154.9,1016.5,627178.0,2074719.0,526703.0,475016.0,526703.0,0.2538121003443187,0.1523856369896704,0.0002469793264432,7.466071308933885e-05,0.8397982709852705,0.3022953951836369,0.9018668965242272,https://www.brvm.org/fr/rapports-societe-cotes/orange-ci,needs_review,balance_sheet_gap_gt_10pct
review,8,0,15,0,True,True,0.6881468970594604,,ORANGE CI,2024,2025.0,2025-02-21,ok,,,8,ORANGE CÔTE D'IVOIRE : Etats financiers - Exercice 2024,https://www.brvm.org/sites/default/files/20250221_-_etats_financiers_-_exercice_2024_-_orange_ci.pdf,263.2,158.2,1084.1,713.8,2309.1,6.3,5.5,6.3,0.2427820311779356,0.1459274974633336,0.2216307088820397,0.0685115412931445,0.0088260016811431,0.3091247672253259,0.873015873015873,https://www.brvm.org/fr/rapports-societe-cotes/orange-ci,needs_review,balance_sheet_gap_gt_10pct
review,8,0,15,0,True,True,0.7204103206608982,,ORANGE CI,2025,2026.0,2026-02-17,ok,,,8,ORANGE CI : Etats financiers - Exercice 2025,https://www.brvm.org/sites/default/files/20260217_-_etats_financiers_-_exercice_2025_-_orange_ci.pdf,287.2,167.8,1197.1,707.8,2554.1,6.3,5.5,6.3,0.2399131233815053,0.1401720825327876,0.2370726193840068,0.0656982890254884,0.0089008194405199,0.2771230570455346,0.873015873015873,https://www.brvm.org/fr/rapports-societe-cotes/orange-ci,needs_review,balance_sheet_gap_gt_10pct
review,8,0,15,0,True,True,0.0,extreme_roe,SAPH CI,2020,2021.0,2021-04-23,ok,,,8,SAPH CÔTE D'IVOIRE : Etats Financiers - Exercice 2020,https://www.brvm.org/sites/default/files/20210423_-_etats_financiers_-_exercice_2020_-_saph_ci.pdf,10954030372.0,7493033989.0,158789037442.0,84004628.0,157131875799.0,157047871171.0,59642514092.0,20435528108.0,0.0689848024048959,0.0471886101818391,89.19787120538169,0.0476862759443217,1869.5145125932825,0.0005346122648434,2.918569746609653,https://www.brvm.org/fr/rapports-societe-cotes/saph-ci,verified_like,passes_rule_checks
review,8,0,15,0,True,True,0.0,extreme_roe,SAPH CI,2021,2022.0,2022-08-23,ok,,,8,SAPH CI : États financiers certifiés et approuvé - Exercice 2021,https://www.brvm.org/sites/default/files/20220823_-_etats_financiers_certifies_et_approuves_-_saph_ci.pdf,27558059338.0,20750470464.0,208794460641.0,8649304155.0,73120333971.0,64471029816.0,72767075511.0,22857875907.0,0.1319865443431623,0.0993822843781197,2.399091313259523,0.2837852254918552,7.453897869776092,0.1182886303340787,3.183457457161004,https://www.brvm.org/fr/rapports-societe-cotes/saph-ci,verified_like,passes_rule_checks
review,8,0,15,0,True,True,0.0,extreme_roe,SAPH CI,2022,2023.0,2023-08-02,ok,,,8,SAPH CI: Etats financiers certifiés et approuvés - Exercice 2022,https://www.brvm.org/sites/default/files/20230802_-_etats_financiers_certifies_et_approuves_-_exercice_2022_-_saph_ci.pdf,26283237143.0,16700611131.0,224421228771.0,8649304155.0,82396462858.0,73747158703.0,71580787750.0,31646046844.0,0.1171156458189589,0.0744163607982083,1.930861816363076,0.2026860201484791,8.526368986615894,0.1049717895039498,2.261918782553136,https://www.brvm.org/fr/rapports-societe-cotes/saph-ci,verified_like,passes_rule_checks
review,8,0,15,0,True,True,0.0,extreme_roe,SAPH CI,2024,2025.0,2025-03-19,ok,,,8,SAPH CÔTE D'IVOIRE : Etats financiers certifiés par les Commissaires Aux Comptes - Exercice 2024,https://www.brvm.org/sites/default/files/20250319_-_etats_financiers_certifies_par_les_cacs_-_exercice_2024_-_saph_ci.pdf,29445590532.0,18790217905.0,279437727425.0,8649304155.0,230857468705.0,222208164550.0,99086053335.0,32917169803.0,0.1053744274380526,0.0672429527614277,2.1724542886074514,0.0813931557441227,25.690871839851493,0.0374659923437541,3.0101632044310658,https://www.brvm.org/fr/rapports-societe-cotes/saph-ci,verified_like,passes_rule_checks
review,8,0,15,0,True,True,0.0,extreme_roe,SAPH CI,2025,2026.0,2026-03-18,ok,,,8,SAPH CI - Etats financiers SYSCOHADA - Exercice 2025,https://www.brvm.org/sites/default/files/20260318_-_etats_financiers_syscohada_-_exercice_2025_-_saph_ci.pdf,38134121165.0,24972070150.0,340830548704.0,8649304155.0,96555131405.0,87905827250.0,1016146221799.0,36225398864.0,0.11188586618777,0.0732682860880742,2.8871767835293567,0.2586301710393286,10.163340966473388,0.0895789175483645,28.05065654663705,https://www.brvm.org/fr/rapports-societe-cotes/saph-ci,verified_like,passes_rule_checks
review,7,1,13,2,False,False,0.5052687741763372,,SERVAIR ABIDJAN CI,2020,2021.0,2021-08-27,ok,,,7,SERVAIR ABIDJAN CI : Etats financiers annuels IFRS 2020,https://www.brvm.org/sites/default/files/20210827_-_etats_financiers_annuels_ifrs_2020_-_servair_abidjan_ci.pdf,-976.0,13.0,5708.0,3684.0,7497.0,25.0,19.0,,-0.1709880868955851,0.0022775052557813,0.003528773072747,0.0017340269441109,0.006786102062975,0.4913965586234494,,https://www.brvm.org/fr/rapports-societe-cotes/servair-abidjan-ci,needs_review,balance_sheet_gap_gt_10pct
review,5,3,8,7,False,False,,,SGCI,2021,2022.0,2022-06-30,ok,,,5,SOCIÉTÉ GENERALE CI : États financiers certifiés Exercice 2021,https://www.brvm.org/sites/default/files/20220630_-_etats_financiers_certifies_exercice_2021_-_societe_generale_ci_0.pdf,80504.0,67438.0,189096.0,304993.0,,,44234.0,,0.4257308457080002,0.3566336675551043,0.2211132714521317,,,,,https://www.brvm.org/fr/rapports-societe-cotes/sgci,verified_like,passes_rule_checks
review,8,0,15,0,True,True,0.05487066949620509,extreme_roe,SODECI,2020,2021.0,2021-06-04,ok,,,8,SODECI : Etats financiers exercice 2020,https://www.brvm.org/sites/default/files/20210604_-_etats_financiers_2020_-_sodeci.pdf,6372159.0,4307472.0,127480235.0,1276856.0,271676820.0,255492875.0,231248219.0,148077848.0,0.049985466374454,0.0337893321266626,3.373498656073982,0.0158551325799529,200.0952926563371,0.0046999077801337,1.5616665296216352,https://www.brvm.org/fr/rapports-societe-cotes/sodeci,verified_like,passes_rule_checks
review,7,1,12,3,False,False,0.8182018786146205,,SODECI,2021,2022.0,2022-04-26,ok,,,7,SODECI : Etats financiers individuels consolidés IFRS exercice 2021,https://www.brvm.org/sites/default/files/20220426_-_etats_financiers_individuels_-_consolides_ifrs_exercice_2021_-_sodeci.pdf,6.699,5.184,,23.956,303.628,31.243,225.0,26.927,,,0.2163967273334446,0.0170735241809055,1.3041826682250792,0.0788991792588298,8.35592527945928,https://www.brvm.org/fr/rapports-societe-cotes/sodeci,needs_review,balance_sheet_gap_gt_10pct
review,8,0,13,2,True,False,0.0,,SODECI,2023,2024.0,2024-04-30,ok,,,8,SODECI : Etats Financiers Individuel et consolidé - Exercice 2023,https://www.brvm.org/sites/default/files/20240430_-_etats_financiers_individuel_et_consolide_-_exercice_2023_-_sodeci.pdf,0.0,31.0,0.0,26.741,52.089,25.348,608.0,22.586,,,1.1592685389476831,0.5951352492848778,0.947907707265996,0.5133713451976425,26.919330558753213,https://www.brvm.org/fr/rapports-societe-cotes/sodeci,needs_review,zero_revenue
review,6,2,10,5,False,False,0.0,extreme_roe,SOGB,2020,2021.0,2021-07-06,ok,,,6,SOGB CI : Etats financiers certifiés et approuvés - exercice 2020,https://www.brvm.org/sites/default/files/20210706_-_etats_financiers_certifie_et_approuves_-_sogb_ci.pdf,11218699.0,7652581.0,,3024258.0,11608629.0,8584371.0,24306540.0,,,,2.530399522792037,0.6592148823086689,2.8385048497846412,0.2605181025252853,,https://www.brvm.org/fr/rapports-societe-cotes/sogb,verified_like,passes_rule_checks
review,7,1,12,3,False,False,0.0,extreme_roa,SOGB,2022,2023.0,2023-04-24,ok,,,7,SOGB CI : États financiers exercice 2022,https://www.brvm.org/sites/default/files/20230424_-_etats_financiers_exercice_2022_-_sogb_ci.pdf,21852242.0,15652983.0,,13004308.0,19385799.0,6381491.0,26983990.0,2749889.0,,,1.2036767354325966,0.807445852502649,0.4907213055858105,0.6708161990124833,9.812756078518078,https://www.brvm.org/fr/rapports-societe-cotes/sogb,verified_like,passes_rule_checks
review,7,1,12,3,False,False,0.0,extreme_roe;extreme_roa,SOGB,2024,2025.0,2025-04-30,ok,,,7,SOGB CÔTE D'IVOIRE : Etats financiers - Exercice 2024,https://www.brvm.org/sites/default/files/20250430_-_etats_financiers_-_exercice_2024_-_sogb_ci.pdf,18383382.0,13110790.0,,5177907.0,5841575.0,663668.0,25682184.0,654345.0,,,2.5320636311158156,2.244392993327998,0.128173024351345,0.8863888591689741,39.24868991128533,https://www.brvm.org/fr/rapports-societe-cotes/sogb,verified_like,passes_rule_checks
review,7,1,12,3,False,False,0.30729151705377433,,SUCRIVOIRE,2021,2022.0,2022-06-07,ok,,,7,SUCRIVOIRE CI : Etats financiers exercice 2021,https://www.brvm.org/sites/default/files/20220607_-_etats_financiers_exercice_2021_-_sucrivoire_ci.pdf,2715412080.0,6572600809.0,,36443055349.0,107246529979.0,37847525734.0,39919102864.0,26401282847.0,,,0.1803526281223386,0.0612849740713008,1.038538766070791,0.339806382137827,1.512013756882122,https://www.brvm.org/fr/rapports-societe-cotes/sucrivoire,needs_review,balance_sheet_gap_gt_10pct
review,8,0,15,0,True,True,0.35375122491976996,,SUCRIVOIRE,2023,2024.0,2024-05-10,ok,,,8,SUCRIVOIRE CÔTE D'IVOIRE : Etats financiers IFRS - Exercice 2023,https://www.brvm.org/sites/default/files/20240510_-_etats_financiers_ifrs_-_exercice_2023_-_sucrivoire_ci.pdf,8865139.0,9010129.0,68134694.0,22310492.0,124182623.0,57942376.0,44065205.0,57942376.0,0.1301119661592668,0.1322399569300186,0.4038516497081283,0.0725554734014597,2.597090911307559,0.179658727292304,0.76050048413617,https://www.brvm.org/fr/rapports-societe-cotes/sucrivoire,needs_review,balance_sheet_gap_gt_10pct
review,7,1,13,2,False,False,0.14076254109661682,,TRACTAFRIC CI,2021,2022.0,2022-06-16,ok,,,7,TRACTAFRIC MOTORS CI : États financiers certifiés Exercice 2021,https://www.brvm.org/sites/default/files/20220616_-_etats_financiers_certifies_exercice_2021_-_tractafric_motors_ci.pdf,,3067.0,65019.0,9837.0,37716.0,22570.0,27451.0,24218.0,,0.0471708269890339,0.3117820473721663,0.0813182734118146,2.294398698790282,0.2608176901049952,1.1334957469650673,https://www.brvm.org/fr/rapports-societe-cotes/tractafric-ci,needs_review,balance_sheet_gap_gt_10pct
review,8,0,15,0,True,True,0.0,extreme_roe,UNILEVER CI,2021,2022.0,2022-05-20,ok,,,8,UNILEVER CI : Etats financiers Exercice 2021,https://www.brvm.org/sites/default/files/20220520_-_etats_financiers_exercice_2021_-_unilever_ci.pdf,-7805437499.0,6090755732.0,46059378554.0,1699751652.0,33741685083.0,32041933431.0,24930646002.0,32041933415.0,-0.1694646724303695,0.132237036695126,3.5833209662325425,0.1805113086977595,18.85095001572618,0.0503754227987973,0.7780630987245312,https://www.brvm.org/fr/rapports-societe-cotes/unilever-ci,verified_like,passes_rule_checks
review,8,0,15,0,True,True,0.16210550978860702,,VIVO ENERGY CI,2022,2023.0,2023-11-03,ok,,,8,VIVO ENERGY : Etats financiers - Exercice 2022,https://www.brvm.org/sites/default/files/20231103_-_etats_financiers_-_exercice_2022_-_vivo_energy_ci.pdf,4363474241.0,3548638458.0,488901792280.0,3548638458.0,119461700193.0,96547661925.0,59723429880.0,79528604069.0,0.0089250526586349,0.0072583870913028,1.0,0.0297052398573508,27.206959251468497,0.0297052398573508,0.7509679137355814,https://www.brvm.org/fr/rapports-societe-cotes/vivo-energy-ci,needs_review,balance_sheet_gap_gt_10pct
